[{"model": "admin.logentry", "pk": 1, "fields": {"action_time": "2023-10-23T16:24:08.041Z", "user": 1, "content_type": 4, "object_id": "1", "object_repr": "deirdremc1968@gmail.com", "action_flag": 2, "change_message": "[{\"changed\": {\"fields\": [\"Username\", \"First name\", \"Last name\"]}}]"}}, {"model": "admin.logentry", "pk": 2, "fields": {"action_time": "2023-10-23T17:04:34.162Z", "user": 1, "content_type": 9, "object_id": "1", "object_repr": "Combining UK and ROI Pensions", "action_flag": 1, "change_message": "[{\"added\": {}}]"}}, {"model": "admin.logentry", "pk": 3, "fields": {"action_time": "2023-10-23T17:05:02.686Z", "user": 1, "content_type": 9, "object_id": "1", "object_repr": "Combining UK and ROI Pensions", "action_flag": 2, "change_message": "[{\"changed\": {\"fields\": [\"Image\"]}}]"}}, {"model": "admin.logentry", "pk": 4, "fields": {"action_time": "2023-10-23T17:36:26.324Z", "user": 1, "content_type": 9, "object_id": "1", "object_repr": "Combining UK and ROI Pensions", "action_flag": 2, "change_message": "[{\"changed\": {\"fields\": [\"Slug\"]}}]"}}, {"model": "admin.logentry", "pk": 5, "fields": {"action_time": "2023-10-23T17:47:28.026Z", "user": 1, "content_type": 7, "object_id": "3", "object_repr": "Action 10 Action:012345678901234567890123456789012345678901234567890123456789012345678901234567890123456789012345678901234567890123456789012345678901234567890123456789012345678901234567890123456789012", "action_flag": 1, "change_message": "[{\"added\": {}}]"}}, {"model": "admin.logentry", "pk": 6, "fields": {"action_time": "2023-10-23T17:49:05.875Z", "user": 1, "content_type": 9, "object_id": "1", "object_repr": "Combining UK and ROI Pensions", "action_flag": 2, "change_message": "[{\"changed\": {\"fields\": [\"Status\"]}}]"}}, {"model": "admin.logentry", "pk": 7, "fields": {"action_time": "2023-10-23T17:52:04.642Z", "user": 1, "content_type": 9, "object_id": "1", "object_repr": "Combining UK and ROI Pensions", "action_flag": 2, "change_message": "[{\"changed\": {\"fields\": [\"Status\"]}}]"}}, {"model": "admin.logentry", "pk": 8, "fields": {"action_time": "2023-10-23T19:50:37.223Z", "user": 1, "content_type": 7, "object_id": "4", "object_repr": "Action 20 Contact UK government as follows: ", "action_flag": 1, "change_message": "[{\"added\": {}}]"}}, {"model": "admin.logentry", "pk": 9, "fields": {"action_time": "2023-10-23T19:51:07.307Z", "user": 1, "content_type": 7, "object_id": "5", "object_repr": "Action 30 Investigate whether you have gaps in your Irish pension ", "action_flag": 1, "change_message": "[{\"added\": {}}]"}}, {"model": "admin.logentry", "pk": 10, "fields": {"action_time": "2023-10-23T19:51:33.717Z", "user": 1, "content_type": 7, "object_id": "6", "object_repr": "Action 40 Investigate whether you have gap years in your UK pension ", "action_flag": 1, "change_message": "[{\"added\": {}}]"}}, {"model": "admin.logentry", "pk": 11, "fields": {"action_time": "2023-10-23T19:52:43.616Z", "user": 1, "content_type": 7, "object_id": "3", "object_repr": "Action 10 Confirm your eligibility for an Irish pension with Sligo ", "action_flag": 2, "change_message": "[{\"changed\": {\"fields\": [\"Action desc\"]}}]"}}, {"model": "admin.logentry", "pk": 12, "fields": {"action_time": "2023-10-23T19:53:05.943Z", "user": 1, "content_type": 7, "object_id": "5", "object_repr": "Action 20 Investigate whether you have gaps in your Irish pension ", "action_flag": 2, "change_message": "[{\"changed\": {\"fields\": [\"Action seq\"]}}]"}}, {"model": "admin.logentry", "pk": 13, "fields": {"action_time": "2023-10-23T19:53:42.635Z", "user": 1, "content_type": 7, "object_id": "4", "object_repr": "Action 20 Check/confirm your eligibility for a UK pension ", "action_flag": 2, "change_message": "[{\"changed\": {\"fields\": [\"Action desc\"]}}]"}}, {"model": "admin.logentry", "pk": 14, "fields": {"action_time": "2023-10-23T19:53:54.545Z", "user": 1, "content_type": 7, "object_id": "4", "object_repr": "Action 30 Check/confirm your eligibility for a UK pension ", "action_flag": 2, "change_message": "[{\"changed\": {\"fields\": [\"Action seq\"]}}]"}}, {"model": "admin.logentry", "pk": 15, "fields": {"action_time": "2023-10-23T19:57:30.049Z", "user": 1, "content_type": 4, "object_id": "1", "object_repr": "admin", "action_flag": 2, "change_message": "[{\"changed\": {\"fields\": [\"Username\"]}}]"}}, {"model": "admin.logentry", "pk": 16, "fields": {"action_time": "2023-10-23T21:32:08.930Z", "user": 1, "content_type": 9, "object_id": "2", "object_repr": "I want to return to Ireland", "action_flag": 1, "change_message": "[{\"added\": {}}]"}}, {"model": "admin.logentry", "pk": 17, "fields": {"action_time": "2023-10-23T21:33:28.267Z", "user": 1, "content_type": 9, "object_id": "3", "object_repr": "Mortgages from Credit Unions", "action_flag": 1, "change_message": "[{\"added\": {}}]"}}, {"model": "admin.logentry", "pk": 18, "fields": {"action_time": "2023-10-23T21:35:47.095Z", "user": 1, "content_type": 9, "object_id": "4", "object_repr": "Education-Dependents", "action_flag": 1, "change_message": "[{\"added\": {}}]"}}, {"model": "admin.logentry", "pk": 19, "fields": {"action_time": "2023-10-23T21:38:20.538Z", "user": 1, "content_type": 9, "object_id": "5", "object_repr": "Managing Cost of Care in Later |Life", "action_flag": 1, "change_message": "[{\"added\": {}}]"}}, {"model": "admin.logentry", "pk": 20, "fields": {"action_time": "2023-10-23T21:39:38.141Z", "user": 1, "content_type": 9, "object_id": "3", "object_repr": "Mortgages from Credit Unions", "action_flag": 2, "change_message": "[{\"changed\": {\"fields\": [\"Excerpt\"]}}]"}}, {"model": "admin.logentry", "pk": 21, "fields": {"action_time": "2023-10-23T21:39:58.728Z", "user": 1, "content_type": 9, "object_id": "4", "object_repr": "Education-Dependents", "action_flag": 2, "change_message": "[{\"changed\": {\"fields\": [\"Status\"]}}]"}}, {"model": "admin.logentry", "pk": 22, "fields": {"action_time": "2023-10-23T21:40:54.579Z", "user": 1, "content_type": 9, "object_id": "5", "object_repr": "Cost of Care in Later |Life", "action_flag": 2, "change_message": "[{\"changed\": {\"fields\": [\"Title\", \"Slug\"]}}]"}}, {"model": "admin.logentry", "pk": 23, "fields": {"action_time": "2023-10-23T21:42:00.862Z", "user": 1, "content_type": 9, "object_id": "6", "object_repr": "Education-Self", "action_flag": 1, "change_message": "[{\"added\": {}}]"}}, {"model": "admin.logentry", "pk": 24, "fields": {"action_time": "2023-10-23T21:43:15.299Z", "user": 1, "content_type": 9, "object_id": "7", "object_repr": "Home Buying Grants", "action_flag": 1, "change_message": "[{\"added\": {}}]"}}, {"model": "admin.logentry", "pk": 25, "fields": {"action_time": "2023-10-23T21:56:46.005Z", "user": 1, "content_type": 9, "object_id": "7", "object_repr": "Home Buying Grants", "action_flag": 2, "change_message": "[{\"changed\": {\"fields\": [\"Status\"]}}]"}}, {"model": "admin.logentry", "pk": 26, "fields": {"action_time": "2023-10-24T14:14:44.115Z", "user": 1, "content_type": 9, "object_id": "5", "object_repr": "Cost of Care in Later Life", "action_flag": 2, "change_message": "[{\"changed\": {\"fields\": [\"Title\"]}}]"}}, {"model": "admin.logentry", "pk": 27, "fields": {"action_time": "2023-10-24T14:14:53.247Z", "user": 1, "content_type": 9, "object_id": "5", "object_repr": "Cost of Care in Later Life", "action_flag": 2, "change_message": "[]"}}, {"model": "admin.logentry", "pk": 28, "fields": {"action_time": "2023-10-24T14:47:03.975Z", "user": 1, "content_type": 9, "object_id": "6", "object_repr": "Education-Self", "action_flag": 2, "change_message": "[{\"changed\": {\"fields\": [\"Image\"]}}]"}}, {"model": "admin.logentry", "pk": 29, "fields": {"action_time": "2023-10-24T14:47:04.879Z", "user": 1, "content_type": 9, "object_id": "6", "object_repr": "Education-Self", "action_flag": 2, "change_message": "[{\"changed\": {\"fields\": [\"Image\"]}}]"}}, {"model": "admin.logentry", "pk": 30, "fields": {"action_time": "2023-10-24T14:47:42.283Z", "user": 1, "content_type": 9, "object_id": "5", "object_repr": "Cost of Care in Later Life", "action_flag": 2, "change_message": "[{\"changed\": {\"fields\": [\"Image\"]}}]"}}, {"model": "admin.logentry", "pk": 31, "fields": {"action_time": "2023-10-24T14:48:14.863Z", "user": 1, "content_type": 9, "object_id": "4", "object_repr": "Education-Dependents", "action_flag": 2, "change_message": "[{\"changed\": {\"fields\": [\"Image\"]}}]"}}, {"model": "admin.logentry", "pk": 32, "fields": {"action_time": "2023-10-24T14:50:16.971Z", "user": 1, "content_type": 9, "object_id": "3", "object_repr": "Mortgages from Credit Unions", "action_flag": 2, "change_message": "[{\"changed\": {\"fields\": [\"Image\"]}}]"}}, {"model": "admin.logentry", "pk": 33, "fields": {"action_time": "2023-10-24T14:50:18.532Z", "user": 1, "content_type": 9, "object_id": "3", "object_repr": "Mortgages from Credit Unions", "action_flag": 2, "change_message": "[{\"changed\": {\"fields\": [\"Image\"]}}]"}}, {"model": "admin.logentry", "pk": 34, "fields": {"action_time": "2023-10-24T14:59:09.092Z", "user": 1, "content_type": 9, "object_id": "7", "object_repr": "Home Buying Grants", "action_flag": 2, "change_message": "[{\"changed\": {\"fields\": [\"Image\"]}}]"}}, {"model": "admin.logentry", "pk": 35, "fields": {"action_time": "2023-10-24T19:04:56.166Z", "user": 1, "content_type": 7, "object_id": "7", "object_repr": "Action 10 Action: Considering creating an Enduring Power of Attorney ", "action_flag": 1, "change_message": "[{\"added\": {}}]"}}, {"model": "admin.logentry", "pk": 36, "fields": {"action_time": "2023-10-24T19:05:22.179Z", "user": 1, "content_type": 7, "object_id": "7", "object_repr": "Action 10 Action: Consider creating an Enduring Power of Attorne ", "action_flag": 2, "change_message": "[{\"changed\": {\"fields\": [\"Action desc\"]}}]"}}, {"model": "admin.logentry", "pk": 37, "fields": {"action_time": "2023-10-24T19:54:05.506Z", "user": 1, "content_type": 7, "object_id": "7", "object_repr": "Action 10 Action: Consider creating an Enduring Power of Attorney ", "action_flag": 2, "change_message": "[{\"changed\": {\"fields\": [\"Action desc\"]}}]"}}, {"model": "admin.logentry", "pk": 38, "fields": {"action_time": "2023-10-24T19:54:56.071Z", "user": 1, "content_type": 7, "object_id": "8", "object_repr": "Action 20 Action:  Apply for Fair Deal Scheme ", "action_flag": 1, "change_message": "[{\"added\": {}}]"}}, {"model": "admin.logentry", "pk": 39, "fields": {"action_time": "2023-10-26T07:55:22.927Z", "user": 1, "content_type": 7, "object_id": "3", "object_repr": "Action 50 Confirm your eligibility for an Irish pension with Sligo ", "action_flag": 2, "change_message": "[{\"changed\": {\"fields\": [\"Action seq\"]}}]"}}, {"model": "admin.logentry", "pk": 40, "fields": {"action_time": "2023-10-26T07:55:37.575Z", "user": 1, "content_type": 7, "object_id": "3", "object_repr": "Action 10 Confirm your eligibility for an Irish pension with Sligo ", "action_flag": 2, "change_message": "[{\"changed\": {\"fields\": [\"Action seq\"]}}]"}}, {"model": "admin.logentry", "pk": 41, "fields": {"action_time": "2023-10-30T00:24:18.666Z", "user": 1, "content_type": 8, "object_id": "7", "object_repr": "Comment TEST TEST TEST by admin", "action_flag": 1, "change_message": "[{\"added\": {}}]"}}, {"model": "admin.logentry", "pk": 42, "fields": {"action_time": "2023-10-30T00:25:11.212Z", "user": 1, "content_type": 8, "object_id": "1", "object_repr": "Comment test adding a comment by admin", "action_flag": 3, "change_message": ""}}, {"model": "admin.logentry", "pk": 43, "fields": {"action_time": "2023-10-30T00:25:11.236Z", "user": 1, "content_type": 8, "object_id": "2", "object_repr": "Comment test adding a comment by admin", "action_flag": 3, "change_message": ""}}, {"model": "admin.logentry", "pk": 44, "fields": {"action_time": "2023-10-30T00:25:11.260Z", "user": 1, "content_type": 8, "object_id": "3", "object_repr": "Comment test adding a comment by admin", "action_flag": 3, "change_message": ""}}, {"model": "admin.logentry", "pk": 45, "fields": {"action_time": "2023-10-30T00:25:11.283Z", "user": 1, "content_type": 8, "object_id": "4", "object_repr": "Comment test adding a comment by admin", "action_flag": 3, "change_message": ""}}, {"model": "admin.logentry", "pk": 46, "fields": {"action_time": "2023-10-30T00:25:11.306Z", "user": 1, "content_type": 8, "object_id": "5", "object_repr": "Comment test adding a comment by admin", "action_flag": 3, "change_message": ""}}, {"model": "admin.logentry", "pk": 47, "fields": {"action_time": "2023-10-30T00:25:11.330Z", "user": 1, "content_type": 8, "object_id": "6", "object_repr": "Comment test adding a comment by admin", "action_flag": 3, "change_message": ""}}, {"model": "admin.logentry", "pk": 48, "fields": {"action_time": "2023-10-30T19:31:44.992Z", "user": 1, "content_type": 8, "object_id": "8", "object_repr": "Comment test adding a comment by admin", "action_flag": 3, "change_message": ""}}, {"model": "admin.logentry", "pk": 49, "fields": {"action_time": "2023-10-30T19:31:45.018Z", "user": 1, "content_type": 8, "object_id": "9", "object_repr": "Comment test adding a comment by admin", "action_flag": 3, "change_message": ""}}, {"model": "admin.logentry", "pk": 50, "fields": {"action_time": "2023-10-30T19:31:45.046Z", "user": 1, "content_type": 8, "object_id": "10", "object_repr": "Comment test adding a comment by admin", "action_flag": 3, "change_message": ""}}, {"model": "admin.logentry", "pk": 51, "fields": {"action_time": "2023-10-30T19:31:45.068Z", "user": 1, "content_type": 8, "object_id": "11", "object_repr": "Comment test adding a comment by admin", "action_flag": 3, "change_message": ""}}, {"model": "admin.logentry", "pk": 52, "fields": {"action_time": "2023-10-30T19:31:45.093Z", "user": 1, "content_type": 8, "object_id": "13", "object_repr": "Comment test adding a comment by admin", "action_flag": 3, "change_message": ""}}, {"model": "admin.logentry", "pk": 53, "fields": {"action_time": "2023-11-04T13:26:19.548Z", "user": 1, "content_type": 4, "object_id": "3", "object_repr": "tester111", "action_flag": 3, "change_message": ""}}, {"model": "admin.logentry", "pk": 54, "fields": {"action_time": "2023-11-05T18:32:47.563Z", "user": 1, "content_type": 17, "object_id": "1", "object_repr": "Hi Frederick Flinstone", "action_flag": 1, "change_message": "[{\"added\": {}}]"}}, {"model": "admin.logentry", "pk": 55, "fields": {"action_time": "2023-11-05T18:37:46.609Z", "user": 1, "content_type": 17, "object_id": "2", "object_repr": "Hi Enthusiastic Tester", "action_flag": 1, "change_message": "[{\"added\": {}}]"}}, {"model": "admin.logentry", "pk": 56, "fields": {"action_time": "2023-11-05T20:43:41.947Z", "user": 1, "content_type": 4, "object_id": "4", "object_repr": "test1", "action_flag": 2, "change_message": "[{\"changed\": {\"fields\": [\"First name\", \"Last name\"]}}]"}}, {"model": "admin.logentry", "pk": 57, "fields": {"action_time": "2023-11-05T20:56:33.318Z", "user": 1, "content_type": 17, "object_id": "2", "object_repr": "User: Testy McTest,  UserId: test1,  Email: allskills.tech@gmail.com,  Last login: 1/11/2023", "action_flag": 2, "change_message": "[]"}}, {"model": "admin.logentry", "pk": 58, "fields": {"action_time": "2023-11-05T20:58:30.894Z", "user": 1, "content_type": 17, "object_id": "3", "object_repr": "User: Deirdre McCarthy,  UserId: admin,  Email: deirdre.mccarthy@gmail.com,  Last login: 5/11/2023", "action_flag": 1, "change_message": "[{\"added\": {}}]"}}, {"model": "admin.logentry", "pk": 59, "fields": {"action_time": "2023-11-05T21:34:42.297Z", "user": 1, "content_type": 16, "object_id": "2", "object_repr": "Action 10 Apply for Fair Deal Scheme ", "action_flag": 1, "change_message": "[{\"added\": {}}]"}}, {"model": "admin.logentry", "pk": 60, "fields": {"action_time": "2023-11-05T21:38:49.642Z", "user": 1, "content_type": 16, "object_id": "2", "object_repr": "Action 10 Apply for Fair Deal Scheme ", "action_flag": 2, "change_message": "[{\"changed\": {\"fields\": [\"Completed on\"]}}]"}}, {"model": "admin.logentry", "pk": 61, "fields": {"action_time": "2023-11-05T21:46:37.328Z", "user": 1, "content_type": 16, "object_id": "3", "object_repr": "Action 20 Investigate Enduring Power of Attorney ", "action_flag": 1, "change_message": "[{\"added\": {}}]"}}, {"model": "admin.logentry", "pk": 62, "fields": {"action_time": "2023-11-05T21:47:20.730Z", "user": 1, "content_type": 16, "object_id": "4", "object_repr": "Action 30 Transfer all assets into children's names ", "action_flag": 1, "change_message": "[{\"added\": {}}]"}}, {"model": "admin.logentry", "pk": 63, "fields": {"action_time": "2023-11-05T22:10:07.140Z", "user": 1, "content_type": 18, "object_id": "1", "object_repr": "User fred Education-Dependents ", "action_flag": 1, "change_message": "[{\"added\": {}}]"}}, {"model": "admin.logentry", "pk": 64, "fields": {"action_time": "2023-11-05T23:10:38.424Z", "user": 1, "content_type": 9, "object_id": "7", "object_repr": "Home Buying Grants", "action_flag": 2, "change_message": "[{\"changed\": {\"fields\": [\"Favourites\"]}}]"}}, {"model": "admin.logentry", "pk": 65, "fields": {"action_time": "2023-11-07T12:21:58.281Z", "user": 1, "content_type": 4, "object_id": "2", "object_repr": "fred", "action_flag": 2, "change_message": "[{\"changed\": {\"fields\": [\"First name\", \"Last name\"]}}]"}}, {"model": "admin.logentry", "pk": 66, "fields": {"action_time": "2023-11-07T16:28:57.987Z", "user": 1, "content_type": 4, "object_id": "5", "object_repr": "Bushell23", "action_flag": 2, "change_message": "[{\"changed\": {\"fields\": [\"First name\", \"Last name\"]}}]"}}, {"model": "admin.logentry", "pk": 67, "fields": {"action_time": "2023-11-07T16:30:19.461Z", "user": 1, "content_type": 17, "object_id": "4", "object_repr": "UserName: Alan Bushell,  User: Bushell23,  Email: ,  Last login: 7/11/2023", "action_flag": 1, "change_message": "[{\"added\": {}}]"}}, {"model": "admin.logentry", "pk": 68, "fields": {"action_time": "2023-11-07T16:30:43.374Z", "user": 1, "content_type": 17, "object_id": "4", "object_repr": "UserName: Alan Bushell,  User: Bushell23,  Email: ,  Last login: 7/11/2023", "action_flag": 2, "change_message": "[{\"changed\": {\"fields\": [\"Image\"]}}]"}}, {"model": "admin.logentry", "pk": 69, "fields": {"action_time": "2023-11-07T17:11:18.099Z", "user": 1, "content_type": 17, "object_id": "3", "object_repr": "UserName: Deirdre McCarthy,  User: admin,  Email: deirdre.mccarthy@gmail.com,  Last login: 7/11/2023", "action_flag": 2, "change_message": "[{\"changed\": {\"fields\": [\"Image\"]}}]"}}, {"model": "admin.logentry", "pk": 70, "fields": {"action_time": "2023-11-09T17:25:04.955Z", "user": 1, "content_type": 17, "object_id": "3", "object_repr": "UserName: Deirdre McCarthy,  User: admin,  Email: deirdre.mccarthy@gmail.com,  Last login: 9/11/2023", "action_flag": 2, "change_message": "[{\"changed\": {\"fields\": [\"Image\"]}}]"}}, {"model": "admin.logentry", "pk": 71, "fields": {"action_time": "2023-11-09T17:27:58.460Z", "user": 1, "content_type": 17, "object_id": "3", "object_repr": "UserName: Deirdre McCarthy,  User: admin,  Email: deirdre.mccarthy@gmail.com,  Last login: 9/11/2023", "action_flag": 2, "change_message": "[{\"changed\": {\"fields\": [\"Image\"]}}]"}}, {"model": "admin.logentry", "pk": 72, "fields": {"action_time": "2023-11-09T19:17:52.144Z", "user": 1, "content_type": 8, "object_id": "16", "object_repr": "Comment FREDTEST4 FREDTEST4 FREDTEST4 by user fred, username fred", "action_flag": 2, "change_message": "[{\"changed\": {\"fields\": [\"User\"]}}]"}}, {"model": "admin.logentry", "pk": 73, "fields": {"action_time": "2023-11-09T19:18:08.459Z", "user": 1, "content_type": 8, "object_id": "19", "object_repr": "Comment testing by user test2, username tester111", "action_flag": 2, "change_message": "[{\"changed\": {\"fields\": [\"User\"]}}]"}}, {"model": "admin.logentry", "pk": 74, "fields": {"action_time": "2023-11-09T19:18:21.289Z", "user": 1, "content_type": 8, "object_id": "20", "object_repr": "Comment this is a first coment for test1 by user test1, username test1", "action_flag": 2, "change_message": "[{\"changed\": {\"fields\": [\"User\"]}}]"}}, {"model": "admin.logentry", "pk": 75, "fields": {"action_time": "2023-11-09T19:18:33.948Z", "user": 1, "content_type": 8, "object_id": "21", "object_repr": "Comment this is test1 leavng a second  comment as, after logging out and back in, I can now add more comments.... yippee! by user test1, username test1", "action_flag": 2, "change_message": "[{\"changed\": {\"fields\": [\"User\"]}}]"}}, {"model": "admin.logentry", "pk": 76, "fields": {"action_time": "2023-11-09T19:19:03.874Z", "user": 1, "content_type": 8, "object_id": "22", "object_repr": "Comment test comment by user Bushell23, username Bushell23", "action_flag": 2, "change_message": "[{\"changed\": {\"fields\": [\"User\", \"Email\"]}}]"}}, {"model": "admin.logentry", "pk": 77, "fields": {"action_time": "2023-11-09T19:19:19.881Z", "user": 1, "content_type": 8, "object_id": "23", "object_repr": "Comment Please use either courses or programmes as the use of both words is confusing yeah so so nut the spiling mis takes hear. by user test1, username test1", "action_flag": 2, "change_message": "[{\"changed\": {\"fields\": [\"User\"]}}]"}}, {"model": "admin.logentry", "pk": 78, "fields": {"action_time": "2023-11-11T10:50:14.290Z", "user": 1, "content_type": 16, "object_id": "2", "object_repr": "Action 10 Apply for Fair Deal Scheme", "action_flag": 3, "change_message": ""}}, {"model": "admin.logentry", "pk": 79, "fields": {"action_time": "2023-11-11T10:50:14.320Z", "user": 1, "content_type": 16, "object_id": "3", "object_repr": "Action 20 Investigate Enduring Power of Attorney", "action_flag": 3, "change_message": ""}}, {"model": "admin.logentry", "pk": 80, "fields": {"action_time": "2023-11-11T10:50:14.342Z", "user": 1, "content_type": 16, "object_id": "4", "object_repr": "Action 30 Transfer all assets into children's names", "action_flag": 3, "change_message": ""}}, {"model": "admin.logentry", "pk": 81, "fields": {"action_time": "2023-11-11T11:12:56.437Z", "user": 1, "content_type": 7, "object_id": "7", "object_repr": "Action 10 Consider creating an Enduring Power of Attorney", "action_flag": 2, "change_message": "[{\"changed\": {\"fields\": [\"Action desc\"]}}]"}}, {"model": "admin.logentry", "pk": 82, "fields": {"action_time": "2023-11-11T11:13:06.798Z", "user": 1, "content_type": 7, "object_id": "8", "object_repr": "Action 20 Apply for Fair Deal Scheme", "action_flag": 2, "change_message": "[{\"changed\": {\"fields\": [\"Action desc\"]}}]"}}, {"model": "admin.logentry", "pk": 83, "fields": {"action_time": "2023-11-11T11:58:13.438Z", "user": 1, "content_type": 16, "object_id": "5", "object_repr": "Action 10 Consider creating an Enduring Power of Attorney", "action_flag": 1, "change_message": "[{\"added\": {}}]"}}, {"model": "admin.logentry", "pk": 84, "fields": {"action_time": "2023-11-11T11:58:37.740Z", "user": 1, "content_type": 16, "object_id": "6", "object_repr": "Action 20 Apply for Fair Deal Scheme", "action_flag": 1, "change_message": "[{\"added\": {}}]"}}, {"model": "admin.logentry", "pk": 85, "fields": {"action_time": "2023-11-11T12:19:34.171Z", "user": 1, "content_type": 16, "object_id": "7", "object_repr": "Action 30 Confirm your eligibility for an Irish pension with Sligo", "action_flag": 1, "change_message": "[{\"added\": {}}]"}}, {"model": "admin.logentry", "pk": 86, "fields": {"action_time": "2023-11-11T12:56:05.170Z", "user": 1, "content_type": 16, "object_id": "8", "object_repr": "Action 10 Check/confirm your eligibility for a UK pension", "action_flag": 1, "change_message": "[{\"added\": {}}]"}}, {"model": "admin.logentry", "pk": 87, "fields": {"action_time": "2023-11-12T15:31:28.230Z", "user": 1, "content_type": 16, "object_id": "11", "object_repr": "admin 30 Consider creating an Enduring Power of Attorney False None ", "action_flag": 3, "change_message": ""}}, {"model": "admin.logentry", "pk": 88, "fields": {"action_time": "2023-11-12T15:32:03.461Z", "user": 1, "content_type": 16, "object_id": "9", "object_repr": "admin 20 Consider creating an Enduring Power of Attorney False None ", "action_flag": 2, "change_message": "[{\"changed\": {\"fields\": [\"User action seq\"]}}]"}}, {"model": "admin.logentry", "pk": 89, "fields": {"action_time": "2023-11-12T15:44:43.912Z", "user": 1, "content_type": 16, "object_id": "12", "object_repr": "admin 40 Consider creating an Enduring Power of Attorney False None ", "action_flag": 2, "change_message": "[{\"changed\": {\"fields\": [\"User action seq\"]}}]"}}, {"model": "admin.logentry", "pk": 90, "fields": {"action_time": "2023-11-12T15:45:01.943Z", "user": 1, "content_type": 16, "object_id": "12", "object_repr": "admin 60 Consider creating an Enduring Power of Attorney False None ", "action_flag": 2, "change_message": "[{\"changed\": {\"fields\": [\"User action seq\"]}}]"}}, {"model": "admin.logentry", "pk": 91, "fields": {"action_time": "2023-11-13T17:53:45.662Z", "user": 1, "content_type": 9, "object_id": "8", "object_repr": "Fair Deal Scheme", "action_flag": 1, "change_message": "[{\"added\": {}}]"}}, {"model": "admin.logentry", "pk": 92, "fields": {"action_time": "2023-11-14T00:37:09.811Z", "user": 1, "content_type": 9, "object_id": "9", "object_repr": "Combining UK and ROI Pensions", "action_flag": 1, "change_message": "[{\"added\": {}}]"}}, {"model": "admin.logentry", "pk": 93, "fields": {"action_time": "2023-11-14T00:44:16.028Z", "user": 1, "content_type": 7, "object_id": "9", "object_repr": "Confirm your eligibility for an Irish pension with Sligo", "action_flag": 1, "change_message": "[{\"added\": {}}]"}}, {"model": "admin.logentry", "pk": 94, "fields": {"action_time": "2023-11-14T00:45:05.997Z", "user": 1, "content_type": 7, "object_id": "10", "object_repr": "Check/confirm your eligibility for a UK pension", "action_flag": 1, "change_message": "[{\"added\": {}}]"}}, {"model": "admin.logentry", "pk": 95, "fields": {"action_time": "2023-11-14T00:45:38.184Z", "user": 1, "content_type": 7, "object_id": "11", "object_repr": "Investigate whether you have gaps in your Irish pension", "action_flag": 1, "change_message": "[{\"added\": {}}]"}}, {"model": "admin.logentry", "pk": 96, "fields": {"action_time": "2023-11-14T00:46:17.079Z", "user": 1, "content_type": 7, "object_id": "12", "object_repr": "Contact UK government as follows:", "action_flag": 1, "change_message": "[{\"added\": {}}]"}}, {"model": "admin.logentry", "pk": 97, "fields": {"action_time": "2023-11-14T12:25:22.314Z", "user": 1, "content_type": 7, "object_id": "13", "object_repr": "Check eligibility for SUSI grant", "action_flag": 1, "change_message": "[{\"added\": {}}]"}}, {"model": "admin.logentry", "pk": 98, "fields": {"action_time": "2023-11-14T12:26:10.015Z", "user": 1, "content_type": 7, "object_id": "14", "object_repr": "Investigate whether your employer could contribute to costs", "action_flag": 1, "change_message": "[{\"added\": {}}]"}}, {"model": "admin.logentry", "pk": 99, "fields": {"action_time": "2023-11-14T12:26:22.145Z", "user": 1, "content_type": 7, "object_id": "14", "object_repr": "Investigate whether your employer could contribute to costs", "action_flag": 2, "change_message": "[]"}}, {"model": "admin.logentry", "pk": 100, "fields": {"action_time": "2023-11-14T12:26:48.219Z", "user": 1, "content_type": 7, "object_id": "15", "object_repr": "Investigate revenue options for tax refunds", "action_flag": 1, "change_message": "[{\"added\": {}}]"}}, {"model": "admin.logentry", "pk": 101, "fields": {"action_time": "2023-11-14T12:27:24.018Z", "user": 1, "content_type": 7, "object_id": "16", "object_repr": "Check student loan options available from credit union", "action_flag": 1, "change_message": "[{\"added\": {}}]"}}, {"model": "admin.logentry", "pk": 102, "fields": {"action_time": "2023-11-14T12:30:17.446Z", "user": 1, "content_type": 7, "object_id": "17", "object_repr": "Locate your local Credit union and review website to check if mortgages offered", "action_flag": 1, "change_message": "[{\"added\": {}}]"}}, {"model": "admin.logentry", "pk": 103, "fields": {"action_time": "2023-11-14T12:31:10.860Z", "user": 1, "content_type": 7, "object_id": "18", "object_repr": "Check if other credit unions outside your geographic area are offering mortgages in your locality", "action_flag": 1, "change_message": "[{\"added\": {}}]"}}, {"model": "admin.logentry", "pk": 104, "fields": {"action_time": "2023-11-14T12:31:46.313Z", "user": 1, "content_type": 7, "object_id": "19", "object_repr": "Use the website calculator to determine if you are eligible and what the possible interest rates might be", "action_flag": 1, "change_message": "[{\"added\": {}}]"}}, {"model": "admin.logentry", "pk": 105, "fields": {"action_time": "2023-11-14T12:32:49.361Z", "user": 1, "content_type": 7, "object_id": "20", "object_repr": "Consider creating an Enduring Power of Attorney", "action_flag": 1, "change_message": "[{\"added\": {}}]"}}, {"model": "admin.logentry", "pk": 106, "fields": {"action_time": "2023-11-14T12:33:23.845Z", "user": 1, "content_type": 7, "object_id": "21", "object_repr": "Apply for Fair Deal Scheme", "action_flag": 1, "change_message": "[{\"added\": {}}]"}}, {"model": "admin.logentry", "pk": 107, "fields": {"action_time": "2023-11-14T12:34:14.599Z", "user": 1, "content_type": 7, "object_id": "22", "object_repr": "Locate a suitable nursing home with capacity for new residents", "action_flag": 1, "change_message": "[{\"added\": {}}]"}}, {"model": "admin.logentry", "pk": 108, "fields": {"action_time": "2023-11-14T12:35:30.193Z", "user": 1, "content_type": 7, "object_id": "23", "object_repr": "3rd level:  Assess eligibility for SUSI grant scheme", "action_flag": 1, "change_message": "[{\"added\": {}}]"}}, {"model": "admin.logentry", "pk": 109, "fields": {"action_time": "2023-11-14T12:36:59.110Z", "user": 1, "content_type": 7, "object_id": "24", "object_repr": "3rd level: If SUSI eligibility is borderline, and you are more than 18 months from commencement,  consider how you might reduce reckonable income (padditional AVC contribs, reduce overtime/bonus, etc)", "action_flag": 1, "change_message": "[{\"added\": {}}]"}}, {"model": "admin.logentry", "pk": 110, "fields": {"action_time": "2023-11-14T18:21:56.995Z", "user": 1, "content_type": 17, "object_id": "5", "object_repr": "UserName:  , User: misterson, Email: , Last login: 14/11/2023", "action_flag": 1, "change_message": "[{\"added\": {}}]"}}, {"model": "admin.logentry", "pk": 111, "fields": {"action_time": "2023-11-14T20:02:57.457Z", "user": 1, "content_type": 9, "object_id": "10", "object_repr": "I want to return to Ireland", "action_flag": 1, "change_message": "[{\"added\": {}}]"}}, {"model": "admin.logentry", "pk": 112, "fields": {"action_time": "2023-11-14T20:04:41.340Z", "user": 1, "content_type": 7, "object_id": "25", "object_repr": "Action:  Establish best time of year to make  the move", "action_flag": 1, "change_message": "[{\"added\": {}}]"}}, {"model": "admin.logentry", "pk": 113, "fields": {"action_time": "2023-11-14T20:07:05.051Z", "user": 1, "content_type": 7, "object_id": "26", "object_repr": "If you don't have an Irish PPS number, apply for one at", "action_flag": 1, "change_message": "[{\"added\": {}}]"}}, {"model": "admin.logentry", "pk": 114, "fields": {"action_time": "2023-11-14T20:07:52.682Z", "user": 1, "content_type": 7, "object_id": "27", "object_repr": "Determine if visa restrictions apply to your move to Ireland:  ref https://www.citizensinformation.ie/en/moving-country/moving-to-ireland/before-you-come-to-ireland/", "action_flag": 1, "change_message": "[{\"added\": {}}]"}}, {"model": "admin.logentry", "pk": 115, "fields": {"action_time": "2023-11-14T20:11:46.194Z", "user": 1, "content_type": 9, "object_id": "10", "object_repr": "I want to return to Ireland", "action_flag": 2, "change_message": "[{\"changed\": {\"fields\": [\"Content\", \"Excerpt\"]}}]"}}, {"model": "admin.logentry", "pk": 116, "fields": {"action_time": "2023-11-14T20:22:32.657Z", "user": 1, "content_type": 8, "object_id": "31", "object_repr": "Comment this is interesting by user admin, username hmmm a name...", "action_flag": 1, "change_message": "[{\"added\": {}}]"}}, {"model": "admin.logentry", "pk": 117, "fields": {"action_time": "2023-11-15T13:37:22.516Z", "user": 1, "content_type": 9, "object_id": "11", "object_repr": "Everyday Budgeting", "action_flag": 1, "change_message": "[{\"added\": {}}]"}}, {"model": "admin.logentry", "pk": 118, "fields": {"action_time": "2023-11-15T13:37:39.938Z", "user": 1, "content_type": 9, "object_id": "11", "object_repr": "Everyday Budgeting", "action_flag": 2, "change_message": "[]"}}, {"model": "admin.logentry", "pk": 119, "fields": {"action_time": "2023-11-15T14:16:07.962Z", "user": 1, "content_type": 9, "object_id": "12", "object_repr": "Saving and Long Term Investment", "action_flag": 1, "change_message": "[{\"added\": {}}]"}}, {"model": "admin.logentry", "pk": 120, "fields": {"action_time": "2023-11-15T14:22:21.756Z", "user": 1, "content_type": 9, "object_id": "12", "object_repr": "Saving and Long Term Investment", "action_flag": 2, "change_message": "[{\"changed\": {\"fields\": [\"Content\"]}}]"}}, {"model": "admin.logentry", "pk": 121, "fields": {"action_time": "2023-11-15T14:46:01.470Z", "user": 1, "content_type": 9, "object_id": "3", "object_repr": "Mortgages from Credit Unions", "action_flag": 2, "change_message": "[{\"changed\": {\"fields\": [\"Content\"]}}]"}}, {"model": "admin.logentry", "pk": 122, "fields": {"action_time": "2023-11-15T14:47:02.226Z", "user": 1, "content_type": 9, "object_id": "3", "object_repr": "Mortgages from Credit Unions", "action_flag": 2, "change_message": "[]"}}, {"model": "admin.logentry", "pk": 123, "fields": {"action_time": "2023-11-15T15:01:46.131Z", "user": 1, "content_type": 9, "object_id": "9", "object_repr": "Combining UK and ROI Pensions", "action_flag": 2, "change_message": "[{\"changed\": {\"fields\": [\"Content\", \"Excerpt\"]}}]"}}, {"model": "admin.logentry", "pk": 124, "fields": {"action_time": "2023-11-15T15:01:46.381Z", "user": 1, "content_type": 9, "object_id": "9", "object_repr": "Combining UK and ROI Pensions", "action_flag": 2, "change_message": "[]"}}, {"model": "admin.logentry", "pk": 125, "fields": {"action_time": "2023-11-15T16:01:28.381Z", "user": 1, "content_type": 9, "object_id": "11", "object_repr": "Everyday Budgeting", "action_flag": 2, "change_message": "[{\"changed\": {\"fields\": [\"Content\"]}}]"}}, {"model": "admin.logentry", "pk": 126, "fields": {"action_time": "2023-11-15T16:59:57.083Z", "user": 1, "content_type": 9, "object_id": "4", "object_repr": "Education-Dependents", "action_flag": 2, "change_message": "[{\"changed\": {\"fields\": [\"Content\", \"Excerpt\"]}}]"}}, {"model": "admin.logentry", "pk": 127, "fields": {"action_time": "2023-11-15T18:40:48.113Z", "user": 1, "content_type": 7, "object_id": "16", "object_repr": "Check student loan options available from credit union", "action_flag": 2, "change_message": "[{\"changed\": {\"fields\": [\"Action url\"]}}]"}}, {"model": "admin.logentry", "pk": 128, "fields": {"action_time": "2023-11-15T18:41:05.813Z", "user": 1, "content_type": 7, "object_id": "16", "object_repr": "Check student loan options available from credit union", "action_flag": 2, "change_message": "[]"}}, {"model": "admin.logentry", "pk": 129, "fields": {"action_time": "2023-11-15T18:41:21.460Z", "user": 1, "content_type": 7, "object_id": "16", "object_repr": "Check student loan options available from credit union", "action_flag": 2, "change_message": "[]"}}, {"model": "admin.logentry", "pk": 130, "fields": {"action_time": "2023-11-15T19:02:34.578Z", "user": 1, "content_type": 9, "object_id": "12", "object_repr": "Saving and Long Term Investment", "action_flag": 2, "change_message": "[{\"changed\": {\"fields\": [\"Content\"]}}]"}}, {"model": "admin.logentry", "pk": 131, "fields": {"action_time": "2023-11-15T19:25:47.804Z", "user": 1, "content_type": 9, "object_id": "12", "object_repr": "Saving and Long Term Investment", "action_flag": 2, "change_message": "[]"}}, {"model": "admin.logentry", "pk": 132, "fields": {"action_time": "2023-11-15T20:43:57.518Z", "user": 1, "content_type": 9, "object_id": "12", "object_repr": "Saving and Long Term Investment", "action_flag": 2, "change_message": "[{\"changed\": {\"fields\": [\"Content\"]}}]"}}, {"model": "admin.logentry", "pk": 133, "fields": {"action_time": "2023-11-15T20:44:59.446Z", "user": 1, "content_type": 9, "object_id": "12", "object_repr": "Saving and Long Term Investment", "action_flag": 2, "change_message": "[{\"changed\": {\"fields\": [\"Content\"]}}]"}}, {"model": "admin.logentry", "pk": 134, "fields": {"action_time": "2023-11-15T20:52:34.174Z", "user": 1, "content_type": 9, "object_id": "12", "object_repr": "Saving and Long Term Investment", "action_flag": 2, "change_message": "[{\"changed\": {\"fields\": [\"Content\"]}}]"}}, {"model": "admin.logentry", "pk": 135, "fields": {"action_time": "2023-11-15T21:03:36.255Z", "user": 1, "content_type": 9, "object_id": "12", "object_repr": "Saving and Long Term Investment", "action_flag": 2, "change_message": "[{\"changed\": {\"fields\": [\"Content\"]}}]"}}, {"model": "admin.logentry", "pk": 136, "fields": {"action_time": "2023-11-15T21:09:27.319Z", "user": 1, "content_type": 9, "object_id": "12", "object_repr": "Saving and Long Term Investment", "action_flag": 2, "change_message": "[{\"changed\": {\"fields\": [\"Content\"]}}]"}}, {"model": "admin.logentry", "pk": 137, "fields": {"action_time": "2023-11-15T21:11:54.515Z", "user": 1, "content_type": 9, "object_id": "12", "object_repr": "Saving and Long Term Investment", "action_flag": 2, "change_message": "[{\"changed\": {\"fields\": [\"Content\"]}}]"}}, {"model": "admin.logentry", "pk": 138, "fields": {"action_time": "2023-11-15T21:13:44.235Z", "user": 1, "content_type": 9, "object_id": "12", "object_repr": "Saving and Long Term Investment", "action_flag": 2, "change_message": "[{\"changed\": {\"fields\": [\"Content\"]}}]"}}, {"model": "admin.logentry", "pk": 139, "fields": {"action_time": "2023-11-15T21:14:29.244Z", "user": 1, "content_type": 9, "object_id": "12", "object_repr": "Saving and Long Term Investment", "action_flag": 2, "change_message": "[{\"changed\": {\"fields\": [\"Content\"]}}]"}}, {"model": "admin.logentry", "pk": 140, "fields": {"action_time": "2023-11-15T21:14:49.847Z", "user": 1, "content_type": 9, "object_id": "12", "object_repr": "Saving and Long Term Investment", "action_flag": 2, "change_message": "[{\"changed\": {\"fields\": [\"Updated on\"]}}]"}}, {"model": "admin.logentry", "pk": 141, "fields": {"action_time": "2023-11-15T22:46:01.889Z", "user": 1, "content_type": 7, "object_id": "27", "object_repr": "Determine if visa restrictions apply to your move to Ireland:", "action_flag": 2, "change_message": "[{\"changed\": {\"fields\": [\"Action desc\", \"Action url\"]}}]"}}, {"model": "admin.logentry", "pk": 142, "fields": {"action_time": "2023-11-15T23:09:53.293Z", "user": 1, "content_type": 17, "object_id": "6", "object_repr": "UserName:  , User: larrythelad, Email: derek1250@gmail.com, Last login: 15/11/2023", "action_flag": 1, "change_message": "[{\"added\": {}}]"}}, {"model": "admin.logentry", "pk": 143, "fields": {"action_time": "2023-11-16T10:40:23.289Z", "user": 1, "content_type": 9, "object_id": "10", "object_repr": "I want to return to Ireland", "action_flag": 2, "change_message": "[{\"changed\": {\"fields\": [\"Likes\"]}}]"}}, {"model": "admin.logentry", "pk": 144, "fields": {"action_time": "2023-11-16T11:06:13.065Z", "user": 1, "content_type": 9, "object_id": "5", "object_repr": "Cost of Care in Later Life", "action_flag": 2, "change_message": "[{\"changed\": {\"fields\": [\"Content\"]}}]"}}, {"model": "admin.logentry", "pk": 145, "fields": {"action_time": "2023-11-16T23:13:23.366Z", "user": 1, "content_type": 8, "object_id": "38", "object_repr": "Comment I would like to add a response and wait patietntly for the administratotr to approve it - no wait, I AM the administrator!!!  I am God!!! by user admin", "action_flag": 3, "change_message": ""}}, {"model": "admin.logentry", "pk": 146, "fields": {"action_time": "2023-11-16T23:13:23.394Z", "user": 1, "content_type": 8, "object_id": "39", "object_repr": "Comment I would like to add a response and wait patietntly for the administratotr to approve it - no wait, I AM the administrator!!!  I am God!!! by user admin", "action_flag": 3, "change_message": ""}}, {"model": "admin.logentry", "pk": 147, "fields": {"action_time": "2023-11-17T21:21:01.024Z", "user": 1, "content_type": 17, "object_id": "5", "object_repr": "UserName:  , User: misterson, Email: , Last login: 17/11/2023", "action_flag": 3, "change_message": ""}}, {"model": "admin.logentry", "pk": 148, "fields": {"action_time": "2023-11-17T21:48:30.221Z", "user": 1, "content_type": 17, "object_id": "7", "object_repr": "UserName:  , User: misterson, Email: , Last login: 17/11/2023", "action_flag": 3, "change_message": ""}}, {"model": "admin.logentry", "pk": 149, "fields": {"action_time": "2023-11-17T21:50:56.628Z", "user": 1, "content_type": 17, "object_id": "8", "object_repr": "UserName:  , User: misterson, Email: , Last login: 17/11/2023", "action_flag": 3, "change_message": ""}}, {"model": "admin.logentry", "pk": 150, "fields": {"action_time": "2023-11-17T21:52:15.853Z", "user": 1, "content_type": 17, "object_id": "9", "object_repr": "UserName:  , User: misterson, Email: , Last login: 17/11/2023", "action_flag": 3, "change_message": ""}}, {"model": "admin.logentry", "pk": 151, "fields": {"action_time": "2023-11-17T21:54:30.727Z", "user": 1, "content_type": 17, "object_id": "10", "object_repr": "UserName:  , User: misterson, Email: , Last login: 17/11/2023", "action_flag": 3, "change_message": ""}}, {"model": "admin.logentry", "pk": 152, "fields": {"action_time": "2023-11-17T22:00:57.959Z", "user": 1, "content_type": 17, "object_id": "11", "object_repr": "UserName:  , User: misterson, Email: , Last login: 17/11/2023", "action_flag": 3, "change_message": ""}}, {"model": "admin.logentry", "pk": 153, "fields": {"action_time": "2023-11-17T22:06:45.625Z", "user": 1, "content_type": 17, "object_id": "12", "object_repr": "UserName:  , User: misterson, Email: , Last login: 17/11/2023", "action_flag": 3, "change_message": ""}}, {"model": "admin.logentry", "pk": 154, "fields": {"action_time": "2023-11-17T22:10:12.267Z", "user": 1, "content_type": 17, "object_id": "13", "object_repr": "UserName:  , User: misterson, Email: , Last login: 17/11/2023", "action_flag": 3, "change_message": ""}}, {"model": "admin.logentry", "pk": 155, "fields": {"action_time": "2023-11-17T22:38:56.328Z", "user": 1, "content_type": 4, "object_id": "8", "object_repr": "misterson", "action_flag": 2, "change_message": "[{\"changed\": {\"fields\": [\"First name\", \"Last name\", \"Email address\"]}}]"}}, {"model": "admin.logentry", "pk": 156, "fields": {"action_time": "2023-11-18T00:20:41.686Z", "user": 1, "content_type": 17, "object_id": "14", "object_repr": "UserName: Mister Son, User: misterson, Email: dummy_email@gmail.com, Last login: 18/11/2023", "action_flag": 3, "change_message": ""}}, {"model": "admin.logentry", "pk": 157, "fields": {"action_time": "2023-11-18T10:36:27.265Z", "user": 1, "content_type": 17, "object_id": "18", "object_repr": "UserName:  , User: test5, Email: , Last login: 18/11/2023", "action_flag": 3, "change_message": ""}}, {"model": "admin.logentry", "pk": 158, "fields": {"action_time": "2023-11-18T10:36:42.449Z", "user": 1, "content_type": 4, "object_id": "12", "object_repr": "test5", "action_flag": 3, "change_message": ""}}, {"model": "admin.logentry", "pk": 159, "fields": {"action_time": "2023-11-18T10:37:46.235Z", "user": 1, "content_type": 9, "object_id": "9", "object_repr": "Combining UK and ROI Pensions", "action_flag": 2, "change_message": "[{\"changed\": {\"fields\": [\"Excerpt\"]}}]"}}, {"model": "admin.logentry", "pk": 160, "fields": {"action_time": "2023-11-18T10:38:32.917Z", "user": 1, "content_type": 9, "object_id": "12", "object_repr": "Saving and Long Term Investment", "action_flag": 2, "change_message": "[{\"changed\": {\"fields\": [\"Excerpt\"]}}]"}}, {"model": "admin.logentry", "pk": 161, "fields": {"action_time": "2023-11-18T19:30:37.852Z", "user": 1, "content_type": 9, "object_id": "9", "object_repr": "Combining UK and ROI Pensions", "action_flag": 2, "change_message": "[{\"changed\": {\"fields\": [\"Content\"]}}]"}}, {"model": "admin.logentry", "pk": 162, "fields": {"action_time": "2023-11-18T19:31:25.108Z", "user": 1, "content_type": 9, "object_id": "9", "object_repr": "Combining UK and ROI State Pensions", "action_flag": 2, "change_message": "[{\"changed\": {\"fields\": [\"Title\", \"Slug\"]}}]"}}, {"model": "admin.logentry", "pk": 163, "fields": {"action_time": "2023-11-18T19:32:05.770Z", "user": 1, "content_type": 7, "object_id": "10", "object_repr": "Check/confirm your eligibility for a UK pension", "action_flag": 2, "change_message": "[{\"changed\": {\"fields\": [\"Action url\"]}}]"}}, {"model": "admin.logentry", "pk": 164, "fields": {"action_time": "2023-11-18T19:37:54.606Z", "user": 1, "content_type": 9, "object_id": "9", "object_repr": "Combining UK and ROI State Pensions", "action_flag": 2, "change_message": "[{\"changed\": {\"fields\": [\"Content\"]}}]"}}, {"model": "admin.logentry", "pk": 165, "fields": {"action_time": "2023-11-18T19:47:16.977Z", "user": 1, "content_type": 7, "object_id": "9", "object_repr": "Confirm the contributions recorded for you in the Irish state system", "action_flag": 2, "change_message": "[{\"changed\": {\"fields\": [\"Action desc\", \"Action url\"]}}]"}}, {"model": "admin.logentry", "pk": 166, "fields": {"action_time": "2023-11-18T19:52:13.093Z", "user": 1, "content_type": 9, "object_id": "9", "object_repr": "Combining UK and ROI State Pensions", "action_flag": 2, "change_message": "[{\"changed\": {\"fields\": [\"Content\"]}}]"}}, {"model": "admin.logentry", "pk": 167, "fields": {"action_time": "2023-11-18T19:58:41.361Z", "user": 1, "content_type": 7, "object_id": "11", "object_repr": "Investigate how you might address any gaps in your Irish pension", "action_flag": 2, "change_message": "[{\"changed\": {\"fields\": [\"Action desc\", \"Action url\"]}}]"}}, {"model": "admin.logentry", "pk": 168, "fields": {"action_time": "2023-11-18T19:59:09.891Z", "user": 1, "content_type": 7, "object_id": "9", "object_repr": "Confirm the contributions recorded for you in the Irish state system", "action_flag": 2, "change_message": "[{\"changed\": {\"fields\": [\"Action url\"]}}]"}}, {"model": "admin.logentry", "pk": 169, "fields": {"action_time": "2023-11-18T19:59:40.619Z", "user": 1, "content_type": 7, "object_id": "11", "object_repr": "Investigate how you might address any gaps in your Irish pension", "action_flag": 2, "change_message": "[{\"changed\": {\"fields\": [\"Action url\"]}}]"}}, {"model": "admin.logentry", "pk": 170, "fields": {"action_time": "2023-11-18T19:59:52.638Z", "user": 1, "content_type": 7, "object_id": "9", "object_repr": "Confirm the contributions recorded for you in the Irish state system", "action_flag": 2, "change_message": "[{\"changed\": {\"fields\": [\"Action url\"]}}]"}}, {"model": "admin.logentry", "pk": 171, "fields": {"action_time": "2023-11-18T20:15:01.194Z", "user": 1, "content_type": 7, "object_id": "12", "object_repr": "Investigate steps to address gaps in your UK pension (voluntary National Insurance payments)", "action_flag": 2, "change_message": "[{\"changed\": {\"fields\": [\"Action desc\", \"Action url\"]}}]"}}, {"model": "admin.logentry", "pk": 172, "fields": {"action_time": "2023-11-18T20:15:50.252Z", "user": 1, "content_type": 9, "object_id": "9", "object_repr": "Combining UK and ROI State Pensions", "action_flag": 2, "change_message": "[{\"changed\": {\"fields\": [\"Updated on\"]}}]"}}, {"model": "admin.logentry", "pk": 173, "fields": {"action_time": "2023-11-19T22:48:56.729Z", "user": 1, "content_type": 9, "object_id": "12", "object_repr": "Saving and Long Term Investment", "action_flag": 2, "change_message": "[]"}}, {"model": "admin.logentry", "pk": 174, "fields": {"action_time": "2023-11-19T23:51:06.519Z", "user": 1, "content_type": 9, "object_id": "9", "object_repr": "Combining UK and ROI State Pensions", "action_flag": 2, "change_message": "[{\"changed\": {\"fields\": [\"Content\"]}}]"}}, {"model": "admin.logentry", "pk": 175, "fields": {"action_time": "2023-11-19T23:51:54.074Z", "user": 1, "content_type": 9, "object_id": "9", "object_repr": "Combining UK and ROI State Pensions", "action_flag": 2, "change_message": "[{\"changed\": {\"fields\": [\"Content\"]}}]"}}, {"model": "admin.logentry", "pk": 176, "fields": {"action_time": "2023-11-19T23:51:55.164Z", "user": 1, "content_type": 9, "object_id": "9", "object_repr": "Combining UK and ROI State Pensions", "action_flag": 2, "change_message": "[]"}}, {"model": "admin.logentry", "pk": 177, "fields": {"action_time": "2023-11-19T23:56:35.426Z", "user": 1, "content_type": 9, "object_id": "9", "object_repr": "Combining UK and ROI State Pensions", "action_flag": 2, "change_message": "[{\"changed\": {\"fields\": [\"Content\"]}}]"}}, {"model": "admin.logentry", "pk": 178, "fields": {"action_time": "2023-11-19T23:58:03.065Z", "user": 1, "content_type": 9, "object_id": "9", "object_repr": "Combining UK and ROI State Pensions", "action_flag": 2, "change_message": "[{\"changed\": {\"fields\": [\"Content\"]}}]"}}, {"model": "admin.logentry", "pk": 179, "fields": {"action_time": "2023-11-20T00:14:08.796Z", "user": 1, "content_type": 9, "object_id": "12", "object_repr": "Saving and Long Term Investment", "action_flag": 2, "change_message": "[{\"changed\": {\"fields\": [\"Content\"]}}]"}}, {"model": "admin.logentry", "pk": 180, "fields": {"action_time": "2023-11-20T00:14:55.033Z", "user": 1, "content_type": 9, "object_id": "10", "object_repr": "I want to return to Ireland", "action_flag": 2, "change_message": "[{\"changed\": {\"fields\": [\"Content\", \"Updated on\"]}}]"}}, {"model": "admin.logentry", "pk": 181, "fields": {"action_time": "2023-11-20T00:15:34.006Z", "user": 1, "content_type": 9, "object_id": "8", "object_repr": "Fair Deal Scheme", "action_flag": 2, "change_message": "[{\"changed\": {\"fields\": [\"Content\"]}}]"}}, {"model": "admin.logentry", "pk": 182, "fields": {"action_time": "2023-11-20T00:16:00.822Z", "user": 1, "content_type": 9, "object_id": "6", "object_repr": "Education-Self", "action_flag": 2, "change_message": "[{\"changed\": {\"fields\": [\"Content\"]}}]"}}, {"model": "admin.logentry", "pk": 183, "fields": {"action_time": "2023-11-20T00:16:23.433Z", "user": 1, "content_type": 9, "object_id": "5", "object_repr": "Cost of Care in Later Life", "action_flag": 2, "change_message": "[{\"changed\": {\"fields\": [\"Content\"]}}]"}}, {"model": "admin.logentry", "pk": 184, "fields": {"action_time": "2023-11-20T00:16:49.716Z", "user": 1, "content_type": 9, "object_id": "4", "object_repr": "Education-Dependents", "action_flag": 2, "change_message": "[{\"changed\": {\"fields\": [\"Content\"]}}]"}}, {"model": "admin.logentry", "pk": 185, "fields": {"action_time": "2023-11-20T00:17:16.933Z", "user": 1, "content_type": 9, "object_id": "3", "object_repr": "Mortgages from Credit Unions", "action_flag": 2, "change_message": "[{\"changed\": {\"fields\": [\"Content\"]}}]"}}, {"model": "admin.logentry", "pk": 186, "fields": {"action_time": "2023-11-20T00:37:09.675Z", "user": 1, "content_type": 9, "object_id": "11", "object_repr": "Everyday Budgeting", "action_flag": 2, "change_message": "[{\"changed\": {\"fields\": [\"Content\"]}}]"}}, {"model": "admin.logentry", "pk": 187, "fields": {"action_time": "2023-11-20T00:38:23.425Z", "user": 1, "content_type": 9, "object_id": "11", "object_repr": "Everyday Budgeting", "action_flag": 2, "change_message": "[{\"changed\": {\"fields\": [\"Image\"]}}]"}}, {"model": "admin.logentry", "pk": 188, "fields": {"action_time": "2023-11-20T00:38:25.568Z", "user": 1, "content_type": 9, "object_id": "11", "object_repr": "Everyday Budgeting", "action_flag": 2, "change_message": "[{\"changed\": {\"fields\": [\"Image\"]}}]"}}, {"model": "admin.logentry", "pk": 189, "fields": {"action_time": "2023-11-20T00:59:06.423Z", "user": 1, "content_type": 8, "object_id": "42", "object_repr": "Comment WOW! by user misterson", "action_flag": 3, "change_message": ""}}, {"model": "admin.logentry", "pk": 190, "fields": {"action_time": "2023-11-20T00:59:36.347Z", "user": 1, "content_type": 8, "object_id": "7", "object_repr": "Comment TEST TEST TEST by user admin", "action_flag": 3, "change_message": ""}}, {"model": "admin.logentry", "pk": 191, "fields": {"action_time": "2023-11-20T00:59:36.368Z", "user": 1, "content_type": 8, "object_id": "12", "object_repr": "Comment TEST1 TEST1 TEST1 by user admin", "action_flag": 3, "change_message": ""}}, {"model": "admin.logentry", "pk": 192, "fields": {"action_time": "2023-11-20T00:59:36.389Z", "user": 1, "content_type": 8, "object_id": "14", "object_repr": "Comment TEST2 TEST2 TEST2 by user admin", "action_flag": 3, "change_message": ""}}, {"model": "admin.logentry", "pk": 193, "fields": {"action_time": "2023-11-20T00:59:36.409Z", "user": 1, "content_type": 8, "object_id": "15", "object_repr": "Comment TEST3 TEST3 TEST3 by user admin", "action_flag": 3, "change_message": ""}}, {"model": "admin.logentry", "pk": 194, "fields": {"action_time": "2023-11-20T00:59:36.430Z", "user": 1, "content_type": 8, "object_id": "17", "object_repr": "Comment ADMINTEST5 by user admin", "action_flag": 3, "change_message": ""}}, {"model": "admin.logentry", "pk": 195, "fields": {"action_time": "2023-11-20T00:59:36.451Z", "user": 1, "content_type": 8, "object_id": "19", "object_repr": "Comment testing by user test2", "action_flag": 3, "change_message": ""}}, {"model": "admin.logentry", "pk": 196, "fields": {"action_time": "2023-11-20T00:59:36.471Z", "user": 1, "content_type": 8, "object_id": "20", "object_repr": "Comment this is a first coment for test1 by user test1", "action_flag": 3, "change_message": ""}}, {"model": "admin.logentry", "pk": 197, "fields": {"action_time": "2023-11-20T01:00:24.774Z", "user": 1, "content_type": 4, "object_id": "1", "object_repr": "deirdre", "action_flag": 2, "change_message": "[{\"changed\": {\"fields\": [\"Username\"]}}]"}}, {"model": "admin.logentry", "pk": 198, "fields": {"action_time": "2023-11-20T01:01:45.880Z", "user": 1, "content_type": 9, "object_id": "12", "object_repr": "Saving and Long Term Investment", "action_flag": 2, "change_message": "[{\"changed\": {\"fields\": [\"Author\"]}}]"}}, {"model": "admin.logentry", "pk": 199, "fields": {"action_time": "2023-11-20T01:02:13.069Z", "user": 1, "content_type": 9, "object_id": "3", "object_repr": "Mortgages from Credit Unions", "action_flag": 2, "change_message": "[{\"changed\": {\"fields\": [\"Author\"]}}]"}}, {"model": "admin.logentry", "pk": 200, "fields": {"action_time": "2023-11-20T09:43:14.942Z", "user": 1, "content_type": 9, "object_id": "13", "object_repr": "RESOURCES", "action_flag": 1, "change_message": "[{\"added\": {}}]"}}, {"model": "admin.logentry", "pk": 201, "fields": {"action_time": "2023-11-20T09:49:13.451Z", "user": 1, "content_type": 9, "object_id": "13", "object_repr": "RESOURCES", "action_flag": 2, "change_message": "[{\"changed\": {\"fields\": [\"Author\", \"Content\", \"Image\", \"Status\", \"Likes\"]}}]"}}, {"model": "admin.logentry", "pk": 202, "fields": {"action_time": "2023-11-20T09:51:06.759Z", "user": 1, "content_type": 7, "object_id": "28", "object_repr": "Wages and taxes - takehome pay calaculator", "action_flag": 1, "change_message": "[{\"added\": {}}]"}}, {"model": "admin.logentry", "pk": 203, "fields": {"action_time": "2023-11-20T09:53:13.211Z", "user": 1, "content_type": 7, "object_id": "28", "object_repr": "Wages and taxes - budget 2024 income tax calaculator", "action_flag": 2, "change_message": "[{\"changed\": {\"fields\": [\"Action desc\", \"Action url\"]}}]"}}, {"model": "admin.logentry", "pk": 204, "fields": {"action_time": "2023-11-20T13:25:41.722Z", "user": 1, "content_type": 7, "object_id": "29", "object_repr": "RESOURCES:  Credit union locator", "action_flag": 1, "change_message": "[{\"added\": {}}]"}}, {"model": "admin.logentry", "pk": 205, "fields": {"action_time": "2023-11-20T13:28:40.093Z", "user": 1, "content_type": 7, "object_id": "30", "object_repr": "RESOURCES: What is your life expectancy?", "action_flag": 1, "change_message": "[{\"added\": {}}]"}}, {"model": "admin.logentry", "pk": 206, "fields": {"action_time": "2023-11-20T13:33:01.000Z", "user": 1, "content_type": 7, "object_id": "28", "object_repr": "RESOURCES: Wages and taxes - budget 2024 income tax calaculator", "action_flag": 2, "change_message": "[{\"changed\": {\"fields\": [\"Action desc\"]}}]"}}, {"model": "admin.logentry", "pk": 207, "fields": {"action_time": "2023-11-20T13:33:49.641Z", "user": 1, "content_type": 7, "object_id": "30", "object_repr": "RESOURCES: What is your life expectancy? (source: Northwestern Mutual, USA)", "action_flag": 2, "change_message": "[{\"changed\": {\"fields\": [\"Action desc\"]}}]"}}, {"model": "admin.logentry", "pk": 208, "fields": {"action_time": "2023-11-20T13:37:04.117Z", "user": 1, "content_type": 9, "object_id": "11", "object_repr": "Everyday Budgeting", "action_flag": 2, "change_message": "[{\"changed\": {\"fields\": [\"Image\"]}}]"}}, {"model": "admin.logentry", "pk": 209, "fields": {"action_time": "2023-11-20T13:42:15.316Z", "user": 1, "content_type": 9, "object_id": "11", "object_repr": "Everyday Budgeting", "action_flag": 2, "change_message": "[{\"changed\": {\"fields\": [\"Image\"]}}]"}}, {"model": "admin.logentry", "pk": 210, "fields": {"action_time": "2023-11-20T13:42:44.169Z", "user": 1, "content_type": 9, "object_id": "13", "object_repr": "RESOURCES", "action_flag": 2, "change_message": "[{\"changed\": {\"fields\": [\"Image\"]}}]"}}, {"model": "admin.logentry", "pk": 211, "fields": {"action_time": "2023-11-20T13:46:13.582Z", "user": 1, "content_type": 9, "object_id": "10", "object_repr": "I want to return to Ireland", "action_flag": 2, "change_message": "[{\"changed\": {\"fields\": [\"Image\"]}}]"}}, {"model": "admin.logentry", "pk": 212, "fields": {"action_time": "2023-11-20T15:56:00.318Z", "user": 1, "content_type": 9, "object_id": "8", "object_repr": "Fair Deal Scheme", "action_flag": 2, "change_message": "[{\"changed\": {\"fields\": [\"Excerpt\"]}}]"}}, {"model": "admin.logentry", "pk": 213, "fields": {"action_time": "2023-11-20T17:14:03.683Z", "user": 1, "content_type": 9, "object_id": "14", "object_repr": "RESOURCES - MORTGAGES:", "action_flag": 1, "change_message": "[{\"added\": {}}]"}}, {"model": "admin.logentry", "pk": 214, "fields": {"action_time": "2023-11-20T17:29:32.335Z", "user": 1, "content_type": 9, "object_id": "9", "object_repr": "Combining UK and ROI State Pensions", "action_flag": 2, "change_message": "[{\"changed\": {\"fields\": [\"Tags\"]}}]"}}, {"model": "admin.logentry", "pk": 215, "fields": {"action_time": "2023-11-21T10:58:27.749Z", "user": 1, "content_type": 9, "object_id": "9", "object_repr": "Combining UK and ROI State Pensions", "action_flag": 2, "change_message": "[{\"changed\": {\"fields\": [\"Content\", \"Tags\"]}}]"}}, {"model": "admin.logentry", "pk": 216, "fields": {"action_time": "2023-11-21T11:00:44.957Z", "user": 1, "content_type": 9, "object_id": "9", "object_repr": "Combining UK and ROI State Pensions", "action_flag": 2, "change_message": "[{\"changed\": {\"fields\": [\"Content\"]}}]"}}, {"model": "admin.logentry", "pk": 217, "fields": {"action_time": "2023-11-21T11:02:05.176Z", "user": 1, "content_type": 9, "object_id": "9", "object_repr": "Combining UK and ROI State Pensions", "action_flag": 2, "change_message": "[{\"changed\": {\"fields\": [\"Content\"]}}]"}}, {"model": "admin.logentry", "pk": 218, "fields": {"action_time": "2023-11-21T11:03:34.078Z", "user": 1, "content_type": 9, "object_id": "9", "object_repr": "Combining UK and ROI State Pensions", "action_flag": 2, "change_message": "[{\"changed\": {\"fields\": [\"Content\"]}}]"}}, {"model": "admin.logentry", "pk": 219, "fields": {"action_time": "2023-11-21T13:29:43.037Z", "user": 1, "content_type": 9, "object_id": "9", "object_repr": "Combining UK and ROI State Pensions", "action_flag": 2, "change_message": "[{\"changed\": {\"fields\": [\"Content\"]}}]"}}, {"model": "admin.logentry", "pk": 220, "fields": {"action_time": "2023-11-21T13:31:26.666Z", "user": 1, "content_type": 9, "object_id": "9", "object_repr": "Combining UK and ROI State Pensions", "action_flag": 2, "change_message": "[{\"changed\": {\"fields\": [\"Content\"]}}]"}}, {"model": "admin.logentry", "pk": 221, "fields": {"action_time": "2023-11-21T13:33:39.494Z", "user": 1, "content_type": 9, "object_id": "9", "object_repr": "Combining UK and ROI State Pensions", "action_flag": 2, "change_message": "[{\"changed\": {\"fields\": [\"Content\"]}}]"}}, {"model": "admin.logentry", "pk": 222, "fields": {"action_time": "2023-11-21T13:35:03.114Z", "user": 1, "content_type": 9, "object_id": "9", "object_repr": "Combining UK and ROI State Pensions", "action_flag": 2, "change_message": "[{\"changed\": {\"fields\": [\"Content\"]}}]"}}, {"model": "admin.logentry", "pk": 223, "fields": {"action_time": "2023-11-21T13:59:21.037Z", "user": 1, "content_type": 9, "object_id": "12", "object_repr": "Saving and Long Term Investment", "action_flag": 2, "change_message": "[{\"changed\": {\"fields\": [\"Content\", \"Tags\"]}}]"}}, {"model": "admin.logentry", "pk": 224, "fields": {"action_time": "2023-11-21T14:01:15.353Z", "user": 1, "content_type": 9, "object_id": "12", "object_repr": "Saving and Long Term Investment", "action_flag": 2, "change_message": "[{\"changed\": {\"fields\": [\"Content\"]}}]"}}, {"model": "admin.logentry", "pk": 225, "fields": {"action_time": "2023-11-21T14:02:07.732Z", "user": 1, "content_type": 9, "object_id": "12", "object_repr": "Saving and Long Term Investment", "action_flag": 2, "change_message": "[{\"changed\": {\"fields\": [\"Content\"]}}]"}}, {"model": "admin.logentry", "pk": 226, "fields": {"action_time": "2023-11-21T14:42:24.350Z", "user": 1, "content_type": 20, "object_id": "3", "object_repr": "pension", "action_flag": 2, "change_message": "[{\"added\": {\"name\": \"tagged item\", \"object\": \"None tagged with pension\"}}]"}}, {"model": "admin.logentry", "pk": 227, "fields": {"action_time": "2023-11-21T15:26:20.489Z", "user": 1, "content_type": 17, "object_id": "4", "object_repr": "UserName: Alan Bushell,", "action_flag": 2, "change_message": "[{\"changed\": {\"fields\": [\"Image\"]}}]"}}, {"model": "admin.logentry", "pk": 228, "fields": {"action_time": "2023-11-21T15:33:26.104Z", "user": 1, "content_type": 9, "object_id": "9", "object_repr": "Combining UK and ROI State Pensions", "action_flag": 2, "change_message": "[{\"changed\": {\"fields\": [\"Content\"]}}]"}}, {"model": "admin.logentry", "pk": 229, "fields": {"action_time": "2023-11-21T15:39:48.150Z", "user": 1, "content_type": 9, "object_id": "13", "object_repr": "RESOURCES", "action_flag": 2, "change_message": "[{\"changed\": {\"fields\": [\"Content\", \"Tags\"]}}]"}}, {"model": "admin.logentry", "pk": 230, "fields": {"action_time": "2023-11-21T15:40:21.600Z", "user": 1, "content_type": 9, "object_id": "13", "object_repr": "RESOURCES", "action_flag": 2, "change_message": "[{\"changed\": {\"fields\": [\"Content\"]}}]"}}, {"model": "admin.logentry", "pk": 231, "fields": {"action_time": "2023-11-21T15:58:46.990Z", "user": 1, "content_type": 8, "object_id": "45", "object_repr": "Comment I didnt realise you could do this - I have started the process, I'm finding it a bit tricky to setup the UK Government profile but I will stick with it.... this could be worth over 100 additi", "action_flag": 1, "change_message": "[{\"added\": {}}]"}}, {"model": "admin.logentry", "pk": 232, "fields": {"action_time": "2023-11-21T17:29:38.587Z", "user": 1, "content_type": 9, "object_id": "10", "object_repr": "I want to return to Ireland", "action_flag": 2, "change_message": "[{\"changed\": {\"fields\": [\"Tags\"]}}]"}}, {"model": "admin.logentry", "pk": 233, "fields": {"action_time": "2023-11-21T17:29:39.521Z", "user": 1, "content_type": 9, "object_id": "10", "object_repr": "I want to return to Ireland", "action_flag": 2, "change_message": "[]"}}, {"model": "admin.logentry", "pk": 234, "fields": {"action_time": "2023-11-21T17:56:00.348Z", "user": 1, "content_type": 9, "object_id": "8", "object_repr": "Fair Deal Scheme", "action_flag": 2, "change_message": "[{\"changed\": {\"fields\": [\"Excerpt\", \"Tags\"]}}]"}}, {"model": "admin.logentry", "pk": 235, "fields": {"action_time": "2023-11-21T19:14:50.392Z", "user": 1, "content_type": 9, "object_id": "6", "object_repr": "Education-Self", "action_flag": 2, "change_message": "[{\"changed\": {\"fields\": [\"Status\", \"Tags\"]}}]"}}, {"model": "admin.logentry", "pk": 236, "fields": {"action_time": "2023-11-21T19:15:33.661Z", "user": 1, "content_type": 9, "object_id": "8", "object_repr": "Fair Deal Scheme", "action_flag": 2, "change_message": "[{\"changed\": {\"fields\": [\"Status\"]}}]"}}, {"model": "admin.logentry", "pk": 237, "fields": {"action_time": "2023-11-22T00:30:25.805Z", "user": 1, "content_type": 20, "object_id": "6", "object_repr": "Plan My Retirement", "action_flag": 2, "change_message": "[{\"changed\": {\"fields\": [\"Name\", \"Slug\"]}}]"}}, {"model": "admin.logentry", "pk": 238, "fields": {"action_time": "2023-11-22T00:30:25.964Z", "user": 1, "content_type": 20, "object_id": "6", "object_repr": "Plan My Retirement", "action_flag": 2, "change_message": "[]"}}, {"model": "admin.logentry", "pk": 239, "fields": {"action_time": "2023-11-22T00:31:04.616Z", "user": 1, "content_type": 20, "object_id": "12", "object_repr": "Move to Ireland", "action_flag": 2, "change_message": "[{\"changed\": {\"fields\": [\"Name\", \"Slug\"]}}]"}}, {"model": "admin.logentry", "pk": 240, "fields": {"action_time": "2023-11-22T00:31:50.142Z", "user": 1, "content_type": 20, "object_id": "2", "object_repr": "Purchase a Property", "action_flag": 2, "change_message": "[{\"changed\": {\"fields\": [\"Name\", \"Slug\"]}}]"}}, {"model": "admin.logentry", "pk": 241, "fields": {"action_time": "2023-11-22T00:33:42.877Z", "user": 1, "content_type": 20, "object_id": "16", "object_repr": "Budget", "action_flag": 1, "change_message": "[{\"added\": {}}]"}}, {"model": "admin.logentry", "pk": 242, "fields": {"action_time": "2023-11-22T00:34:34.307Z", "user": 1, "content_type": 20, "object_id": "17", "object_repr": "Plan for education", "action_flag": 1, "change_message": "[{\"added\": {}}]"}}, {"model": "admin.logentry", "pk": 243, "fields": {"action_time": "2023-11-22T00:34:58.630Z", "user": 1, "content_type": 20, "object_id": "10", "object_repr": "migration", "action_flag": 3, "change_message": ""}}, {"model": "admin.logentry", "pk": 244, "fields": {"action_time": "2023-11-22T00:35:26.159Z", "user": 1, "content_type": 20, "object_id": "13", "object_repr": "pensioner", "action_flag": 3, "change_message": ""}}, {"model": "admin.logentry", "pk": 245, "fields": {"action_time": "2023-11-22T00:36:11.420Z", "user": 1, "content_type": 20, "object_id": "18", "object_repr": "Plan for Care in Later Life", "action_flag": 1, "change_message": "[{\"added\": {}}]"}}, {"model": "admin.logentry", "pk": 246, "fields": {"action_time": "2023-11-22T00:36:31.371Z", "user": 1, "content_type": 20, "object_id": "3", "object_repr": "pension", "action_flag": 3, "change_message": ""}}, {"model": "admin.logentry", "pk": 247, "fields": {"action_time": "2023-11-22T00:36:51.104Z", "user": 1, "content_type": 20, "object_id": "6", "object_repr": "Plan My Retirement", "action_flag": 2, "change_message": "[{\"added\": {\"name\": \"tagged item\", \"object\": \"None tagged with Plan My Retirement\"}}]"}}, {"model": "admin.logentry", "pk": 248, "fields": {"action_time": "2023-11-22T00:37:18.707Z", "user": 1, "content_type": 9, "object_id": "14", "object_repr": "RESOURCES - MORTGAGES:", "action_flag": 2, "change_message": "[{\"changed\": {\"fields\": [\"Tags\"]}}]"}}, {"model": "admin.logentry", "pk": 249, "fields": {"action_time": "2023-11-22T00:37:45.624Z", "user": 1, "content_type": 20, "object_id": "1", "object_repr": "mortgage", "action_flag": 3, "change_message": ""}}, {"model": "admin.logentry", "pk": 250, "fields": {"action_time": "2023-11-22T00:38:12.930Z", "user": 1, "content_type": 20, "object_id": "4", "object_repr": "3rd-age", "action_flag": 3, "change_message": ""}}, {"model": "admin.logentry", "pk": 251, "fields": {"action_time": "2023-11-22T00:38:34.890Z", "user": 1, "content_type": 20, "object_id": "18", "object_repr": "Plan for Care in Later Life", "action_flag": 2, "change_message": "[{\"added\": {\"name\": \"tagged item\", \"object\": \"Fair Deal Scheme tagged with Plan for Care in Later Life\"}}]"}}, {"model": "admin.logentry", "pk": 252, "fields": {"action_time": "2023-11-22T00:38:51.338Z", "user": 1, "content_type": 20, "object_id": "15", "object_repr": "education", "action_flag": 3, "change_message": ""}}, {"model": "admin.logentry", "pk": 253, "fields": {"action_time": "2023-11-22T00:39:06.506Z", "user": 1, "content_type": 20, "object_id": "17", "object_repr": "Plan for education", "action_flag": 2, "change_message": "[{\"added\": {\"name\": \"tagged item\", \"object\": \"Education-Self tagged with Plan for education\"}}]"}}, {"model": "admin.logentry", "pk": 254, "fields": {"action_time": "2023-11-22T00:39:40.864Z", "user": 1, "content_type": 20, "object_id": "16", "object_repr": "Make a budget", "action_flag": 2, "change_message": "[{\"changed\": {\"fields\": [\"Name\", \"Slug\"]}}]"}}, {"model": "admin.logentry", "pk": 255, "fields": {"action_time": "2023-11-22T00:39:59.601Z", "user": 1, "content_type": 20, "object_id": "11", "object_repr": "tax", "action_flag": 3, "change_message": ""}}, {"model": "admin.logentry", "pk": 256, "fields": {"action_time": "2023-11-22T00:40:11.981Z", "user": 1, "content_type": 20, "object_id": "14", "object_repr": "third-level", "action_flag": 3, "change_message": ""}}, {"model": "admin.logentry", "pk": 257, "fields": {"action_time": "2023-11-22T00:40:22.615Z", "user": 1, "content_type": 20, "object_id": "7", "object_repr": "T:investment", "action_flag": 3, "change_message": ""}}, {"model": "admin.logentry", "pk": 258, "fields": {"action_time": "2023-11-22T00:41:09.737Z", "user": 1, "content_type": 20, "object_id": "19", "object_repr": "Invest Money", "action_flag": 1, "change_message": "[{\"added\": {}}]"}}, {"model": "admin.logentry", "pk": 259, "fields": {"action_time": "2023-11-22T00:41:24.898Z", "user": 1, "content_type": 20, "object_id": "9", "object_repr": "T:mortgage", "action_flag": 3, "change_message": ""}}, {"model": "admin.logentry", "pk": 260, "fields": {"action_time": "2023-11-22T00:41:42.271Z", "user": 1, "content_type": 20, "object_id": "5", "object_repr": "T:Pension", "action_flag": 3, "change_message": ""}}, {"model": "admin.logentry", "pk": 261, "fields": {"action_time": "2023-11-22T00:41:53.539Z", "user": 1, "content_type": 20, "object_id": "8", "object_repr": "T:savings", "action_flag": 3, "change_message": ""}}, {"model": "admin.logentry", "pk": 262, "fields": {"action_time": "2023-11-22T00:42:08.238Z", "user": 1, "content_type": 20, "object_id": "19", "object_repr": "Invest Money", "action_flag": 2, "change_message": "[{\"added\": {\"name\": \"tagged item\", \"object\": \"Saving and Long Term Investment tagged with Invest Money\"}}]"}}, {"model": "admin.logentry", "pk": 263, "fields": {"action_time": "2023-11-22T00:48:34.046Z", "user": 1, "content_type": 9, "object_id": "5", "object_repr": "Cost of Care in Later Life", "action_flag": 2, "change_message": "[{\"changed\": {\"fields\": [\"Excerpt\", \"Tags\"]}}]"}}, {"model": "admin.logentry", "pk": 264, "fields": {"action_time": "2023-11-22T01:26:49.644Z", "user": 1, "content_type": 17, "object_id": "3", "object_repr": "UserName: Deirdre McCarthy,", "action_flag": 2, "change_message": "[{\"changed\": {\"fields\": [\"Birth year\"]}}]"}}, {"model": "admin.logentry", "pk": 265, "fields": {"action_time": "2023-11-22T10:54:45.784Z", "user": 1, "content_type": 9, "object_id": "15", "object_repr": "FinancialPlanner - founder story", "action_flag": 1, "change_message": "[{\"added\": {}}]"}}, {"model": "admin.logentry", "pk": 266, "fields": {"action_time": "2023-11-22T10:56:57.481Z", "user": 1, "content_type": 9, "object_id": "15", "object_repr": "FinancialPlanner - founder story", "action_flag": 2, "change_message": "[{\"changed\": {\"fields\": [\"Content\"]}}]"}}, {"model": "admin.logentry", "pk": 267, "fields": {"action_time": "2023-11-22T10:57:17.247Z", "user": 1, "content_type": 9, "object_id": "15", "object_repr": "FinancialPlanner - founder story", "action_flag": 2, "change_message": "[{\"changed\": {\"fields\": [\"Status\"]}}]"}}, {"model": "admin.logentry", "pk": 268, "fields": {"action_time": "2023-11-22T10:57:35.372Z", "user": 1, "content_type": 9, "object_id": "15", "object_repr": "FinancialPlanner - founder story", "action_flag": 2, "change_message": "[]"}}, {"model": "admin.logentry", "pk": 269, "fields": {"action_time": "2023-11-22T11:06:16.882Z", "user": 1, "content_type": 9, "object_id": "16", "object_repr": "FinancialPlanner - How", "action_flag": 1, "change_message": "[{\"added\": {}}]"}}, {"model": "admin.logentry", "pk": 270, "fields": {"action_time": "2023-11-22T11:12:44.890Z", "user": 1, "content_type": 20, "object_id": "20", "object_repr": "FinancialPlanner - About", "action_flag": 2, "change_message": "[{\"changed\": {\"fields\": [\"Name\"]}}]"}}, {"model": "admin.logentry", "pk": 271, "fields": {"action_time": "2023-11-22T11:13:12.707Z", "user": 1, "content_type": 9, "object_id": "16", "object_repr": "FinancialPlanner - How", "action_flag": 2, "change_message": "[]"}}, {"model": "admin.logentry", "pk": 272, "fields": {"action_time": "2023-11-22T11:14:18.384Z", "user": 1, "content_type": 9, "object_id": "16", "object_repr": "FinancialPlanner - How", "action_flag": 2, "change_message": "[{\"changed\": {\"fields\": [\"Content\"]}}]"}}, {"model": "admin.logentry", "pk": 273, "fields": {"action_time": "2023-11-22T11:17:05.790Z", "user": 1, "content_type": 9, "object_id": "15", "object_repr": "FinancialPlanner - founder story", "action_flag": 2, "change_message": "[]"}}, {"model": "admin.logentry", "pk": 274, "fields": {"action_time": "2023-11-22T11:17:35.800Z", "user": 1, "content_type": 9, "object_id": "15", "object_repr": "FinancialPlanner - Founder Story", "action_flag": 2, "change_message": "[{\"changed\": {\"fields\": [\"Title\"]}}]"}}, {"model": "admin.logentry", "pk": 275, "fields": {"action_time": "2023-11-22T11:22:24.108Z", "user": 1, "content_type": 9, "object_id": "17", "object_repr": "FinancialPlanner - Why?", "action_flag": 1, "change_message": "[{\"added\": {}}]"}}, {"model": "admin.logentry", "pk": 276, "fields": {"action_time": "2023-11-22T11:22:57.077Z", "user": 1, "content_type": 20, "object_id": "23", "object_repr": "FinancialPlanner", "action_flag": 3, "change_message": ""}}, {"model": "admin.logentry", "pk": 277, "fields": {"action_time": "2023-11-22T11:23:25.535Z", "user": 1, "content_type": 20, "object_id": "20", "object_repr": "FinancialPlanner - About", "action_flag": 2, "change_message": "[{\"added\": {\"name\": \"tagged item\", \"object\": \"FinancialPlanner - Why? tagged with FinancialPlanner - About\"}}]"}}, {"model": "admin.logentry", "pk": 278, "fields": {"action_time": "2023-11-22T11:23:39.830Z", "user": 1, "content_type": 20, "object_id": "21", "object_repr": "About", "action_flag": 3, "change_message": ""}}, {"model": "admin.logentry", "pk": 279, "fields": {"action_time": "2023-11-22T11:25:40.058Z", "user": 1, "content_type": 9, "object_id": "18", "object_repr": "FinancialPlanner - What?", "action_flag": 1, "change_message": "[{\"added\": {}}]"}}, {"model": "admin.logentry", "pk": 280, "fields": {"action_time": "2023-11-22T11:29:13.979Z", "user": 1, "content_type": 9, "object_id": "16", "object_repr": "FinancialPlanner - How", "action_flag": 2, "change_message": "[{\"changed\": {\"fields\": [\"Content\"]}}]"}}, {"model": "admin.logentry", "pk": 281, "fields": {"action_time": "2023-11-22T11:31:43.301Z", "user": 1, "content_type": 9, "object_id": "16", "object_repr": "FinancialPlanner - How", "action_flag": 2, "change_message": "[{\"changed\": {\"fields\": [\"Excerpt\"]}}]"}}, {"model": "admin.logentry", "pk": 282, "fields": {"action_time": "2023-11-22T11:32:43.081Z", "user": 1, "content_type": 9, "object_id": "16", "object_repr": "FinancialPlanner - How", "action_flag": 2, "change_message": "[{\"changed\": {\"fields\": [\"Content\"]}}]"}}, {"model": "admin.logentry", "pk": 283, "fields": {"action_time": "2023-11-22T11:44:00.342Z", "user": 1, "content_type": 9, "object_id": "15", "object_repr": "FinancialPlanner - Founder Story", "action_flag": 2, "change_message": "[{\"changed\": {\"fields\": [\"Content\"]}}]"}}, {"model": "admin.logentry", "pk": 284, "fields": {"action_time": "2023-11-22T11:47:31.456Z", "user": 1, "content_type": 9, "object_id": "15", "object_repr": "FinancialPlanner - Founder Story", "action_flag": 2, "change_message": "[{\"changed\": {\"fields\": [\"Content\"]}}]"}}, {"model": "admin.logentry", "pk": 285, "fields": {"action_time": "2023-11-22T12:43:37.037Z", "user": 1, "content_type": 9, "object_id": "15", "object_repr": "FinancialPlanner - Founder Story", "action_flag": 2, "change_message": "[]"}}, {"model": "admin.logentry", "pk": 286, "fields": {"action_time": "2023-11-22T12:46:24.818Z", "user": 1, "content_type": 9, "object_id": "17", "object_repr": "FinancialPlanner - Why?", "action_flag": 2, "change_message": "[{\"changed\": {\"fields\": [\"Content\"]}}]"}}, {"model": "admin.logentry", "pk": 287, "fields": {"action_time": "2023-11-22T12:48:08.290Z", "user": 1, "content_type": 9, "object_id": "17", "object_repr": "FinancialPlanner - Why?", "action_flag": 2, "change_message": "[{\"changed\": {\"fields\": [\"Content\"]}}]"}}, {"model": "admin.logentry", "pk": 288, "fields": {"action_time": "2023-11-22T12:49:53.183Z", "user": 1, "content_type": 9, "object_id": "15", "object_repr": "FinancialPlanner - Founder Story", "action_flag": 2, "change_message": "[{\"changed\": {\"fields\": [\"Content\"]}}]"}}, {"model": "admin.logentry", "pk": 289, "fields": {"action_time": "2023-11-22T12:50:46.631Z", "user": 1, "content_type": 9, "object_id": "15", "object_repr": "FinancialPlanner - Founder Story", "action_flag": 2, "change_message": "[{\"changed\": {\"fields\": [\"Content\"]}}]"}}, {"model": "admin.logentry", "pk": 290, "fields": {"action_time": "2023-11-22T12:52:25.482Z", "user": 1, "content_type": 9, "object_id": "15", "object_repr": "FinancialPlanner - Founder Story", "action_flag": 2, "change_message": "[{\"changed\": {\"fields\": [\"Content\"]}}]"}}, {"model": "admin.logentry", "pk": 291, "fields": {"action_time": "2023-11-22T12:57:19.276Z", "user": 1, "content_type": 9, "object_id": "17", "object_repr": "FinancialPlanner - Why?", "action_flag": 2, "change_message": "[{\"changed\": {\"fields\": [\"Content\"]}}]"}}, {"model": "admin.logentry", "pk": 292, "fields": {"action_time": "2023-11-22T13:02:27.845Z", "user": 1, "content_type": 9, "object_id": "17", "object_repr": "FinancialPlanner - Why?", "action_flag": 2, "change_message": "[{\"changed\": {\"fields\": [\"Content\"]}}]"}}, {"model": "admin.logentry", "pk": 293, "fields": {"action_time": "2023-11-22T14:03:19.856Z", "user": 1, "content_type": 4, "object_id": "18", "object_repr": "conor", "action_flag": 2, "change_message": "[{\"changed\": {\"fields\": [\"First name\", \"Last name\"]}}]"}}, {"model": "admin.logentry", "pk": 294, "fields": {"action_time": "2023-11-22T14:03:48.821Z", "user": 1, "content_type": 4, "object_id": "20", "object_repr": "admin", "action_flag": 1, "change_message": "[{\"added\": {}}]"}}, {"model": "admin.logentry", "pk": 295, "fields": {"action_time": "2023-11-22T14:04:25.527Z", "user": 1, "content_type": 4, "object_id": "20", "object_repr": "admin", "action_flag": 2, "change_message": "[{\"changed\": {\"fields\": [\"First name\", \"Last name\", \"Email address\", \"Staff status\"]}}]"}}, {"model": "admin.logentry", "pk": 296, "fields": {"action_time": "2023-11-23T02:17:20.402Z", "user": 1, "content_type": 9, "object_id": "19", "object_repr": "FinancialPlanner - Site Notes", "action_flag": 1, "change_message": "[{\"added\": {}}]"}}, {"model": "admin.logentry", "pk": 297, "fields": {"action_time": "2023-11-23T08:11:12.164Z", "user": 1, "content_type": 9, "object_id": "15", "object_repr": "FinancialPlanner - Founder Story", "action_flag": 2, "change_message": "[{\"changed\": {\"fields\": [\"Content\"]}}]"}}, {"model": "admin.logentry", "pk": 298, "fields": {"action_time": "2023-11-23T08:15:22.125Z", "user": 1, "content_type": 9, "object_id": "19", "object_repr": "FinancialPlanner - Site Notes", "action_flag": 2, "change_message": "[{\"changed\": {\"fields\": [\"Content\"]}}]"}}, {"model": "admin.logentry", "pk": 299, "fields": {"action_time": "2023-11-23T08:18:04.311Z", "user": 1, "content_type": 9, "object_id": "16", "object_repr": "FinancialPlanner - How", "action_flag": 2, "change_message": "[{\"changed\": {\"fields\": [\"Content\"]}}]"}}, {"model": "admin.logentry", "pk": 300, "fields": {"action_time": "2023-11-23T08:19:58.447Z", "user": 1, "content_type": 9, "object_id": "16", "object_repr": "FinancialPlanner - How", "action_flag": 2, "change_message": "[{\"changed\": {\"fields\": [\"Content\"]}}]"}}, {"model": "admin.logentry", "pk": 301, "fields": {"action_time": "2023-11-23T09:11:41.070Z", "user": 1, "content_type": 9, "object_id": "17", "object_repr": "FinancialPlanner - Why?", "action_flag": 2, "change_message": "[{\"changed\": {\"fields\": [\"Content\"]}}]"}}, {"model": "admin.logentry", "pk": 302, "fields": {"action_time": "2023-11-23T09:14:49.114Z", "user": 1, "content_type": 9, "object_id": "17", "object_repr": "FinancialPlanner - Why?", "action_flag": 2, "change_message": "[{\"changed\": {\"fields\": [\"Content\"]}}]"}}, {"model": "admin.logentry", "pk": 303, "fields": {"action_time": "2023-11-23T09:17:04.621Z", "user": 1, "content_type": 9, "object_id": "17", "object_repr": "FinancialPlanner - Why?", "action_flag": 2, "change_message": "[{\"changed\": {\"fields\": [\"Content\"]}}]"}}, {"model": "admin.logentry", "pk": 304, "fields": {"action_time": "2023-11-23T09:17:43.224Z", "user": 1, "content_type": 9, "object_id": "15", "object_repr": "FinancialPlanner - Founder Story", "action_flag": 2, "change_message": "[{\"changed\": {\"fields\": [\"Content\"]}}]"}}, {"model": "admin.logentry", "pk": 305, "fields": {"action_time": "2023-11-23T12:45:01.092Z", "user": 1, "content_type": 4, "object_id": "20", "object_repr": "admin", "action_flag": 2, "change_message": "[{\"changed\": {\"fields\": [\"Superuser status\"]}}]"}}, {"model": "admin.logentry", "pk": 306, "fields": {"action_time": "2023-11-23T12:48:40.859Z", "user": 20, "content_type": 9, "object_id": "17", "object_repr": "FinancialPlanner - Why?", "action_flag": 2, "change_message": "[{\"changed\": {\"fields\": [\"Status\"]}}]"}}, {"model": "admin.logentry", "pk": 307, "fields": {"action_time": "2023-11-23T15:25:42.071Z", "user": 20, "content_type": 9, "object_id": "9", "object_repr": "Combining UK and ROI State Pensions", "action_flag": 2, "change_message": "[{\"changed\": {\"fields\": [\"Excerpt\"]}}]"}}, {"model": "admin.logentry", "pk": 308, "fields": {"action_time": "2023-11-27T15:47:03.752Z", "user": 20, "content_type": 9, "object_id": "20", "object_repr": "Mortgage - Early Repayment", "action_flag": 1, "change_message": "[{\"added\": {}}]"}}, {"model": "admin.logentry", "pk": 309, "fields": {"action_time": "2023-11-27T15:48:16.329Z", "user": 20, "content_type": 9, "object_id": "20", "object_repr": "Mortgage - Early Repayment", "action_flag": 2, "change_message": "[{\"changed\": {\"fields\": [\"Content\", \"Likes\", \"Favourites\"]}}]"}}, {"model": "admin.logentry", "pk": 310, "fields": {"action_time": "2023-11-27T15:49:51.461Z", "user": 20, "content_type": 9, "object_id": "14", "object_repr": "RESOURCES - MORTGAGES:", "action_flag": 2, "change_message": "[{\"changed\": {\"fields\": [\"Content\"]}}]"}}, {"model": "admin.logentry", "pk": 311, "fields": {"action_time": "2023-11-27T15:50:14.731Z", "user": 20, "content_type": 9, "object_id": "3", "object_repr": "Mortgages from Credit Unions", "action_flag": 2, "change_message": "[{\"changed\": {\"fields\": [\"Content\", \"Tags\"]}}]"}}, {"model": "admin.logentry", "pk": 312, "fields": {"action_time": "2023-11-27T16:54:32.992Z", "user": 20, "content_type": 9, "object_id": "20", "object_repr": "Mortgage - Early Repayment", "action_flag": 2, "change_message": "[{\"changed\": {\"fields\": [\"Content\", \"Status\"]}}]"}}, {"model": "admin.logentry", "pk": 313, "fields": {"action_time": "2023-11-27T16:55:18.978Z", "user": 20, "content_type": 9, "object_id": "20", "object_repr": "Mortgage - Early Repayment", "action_flag": 2, "change_message": "[{\"changed\": {\"fields\": [\"Tags\"]}}]"}}, {"model": "admin.logentry", "pk": 314, "fields": {"action_time": "2023-11-27T16:55:59.594Z", "user": 20, "content_type": 9, "object_id": "12", "object_repr": "Saving and Long Term Investment", "action_flag": 2, "change_message": "[{\"changed\": {\"fields\": [\"Content\", \"Tags\"]}}]"}}, {"model": "admin.logentry", "pk": 315, "fields": {"action_time": "2023-11-27T16:56:32.656Z", "user": 20, "content_type": 9, "object_id": "12", "object_repr": "Saving and Long Term Investment", "action_flag": 2, "change_message": "[{\"changed\": {\"fields\": [\"Content\"]}}]"}}, {"model": "admin.logentry", "pk": 316, "fields": {"action_time": "2023-11-27T16:57:48.417Z", "user": 20, "content_type": 9, "object_id": "11", "object_repr": "Everyday Budgeting", "action_flag": 2, "change_message": "[{\"changed\": {\"fields\": [\"Content\", \"Tags\"]}}]"}}, {"model": "admin.logentry", "pk": 317, "fields": {"action_time": "2023-11-27T16:59:19.198Z", "user": 20, "content_type": 9, "object_id": "10", "object_repr": "I want to return to Ireland", "action_flag": 2, "change_message": "[{\"changed\": {\"fields\": [\"Content\"]}}]"}}, {"model": "admin.logentry", "pk": 318, "fields": {"action_time": "2023-11-27T17:00:47.072Z", "user": 20, "content_type": 20, "object_id": "6", "object_repr": "Plan My Retirement", "action_flag": 2, "change_message": "[{\"added\": {\"name\": \"tagged item\", \"object\": \"Mortgage - Early Repayment tagged with Plan My Retirement\"}}, {\"added\": {\"name\": \"tagged item\", \"object\": \"Saving and Long Term Investment tagged with Plan My Retirement\"}}]"}}, {"model": "admin.logentry", "pk": 319, "fields": {"action_time": "2023-11-27T17:01:07.238Z", "user": 20, "content_type": 20, "object_id": "31", "object_repr": "Plan my Retirement", "action_flag": 2, "change_message": "[{\"deleted\": {\"name\": \"tagged item\", \"object\": \"Mortgage - Early Repayment tagged with Plan my Retirement\"}}, {\"deleted\": {\"name\": \"tagged item\", \"object\": \"Saving and Long Term Investment tagged with Plan my Retirement\"}}]"}}, {"model": "admin.logentry", "pk": 320, "fields": {"action_time": "2023-11-27T17:01:21.283Z", "user": 20, "content_type": 20, "object_id": "31", "object_repr": "Plan my Retirement", "action_flag": 3, "change_message": ""}}, {"model": "admin.logentry", "pk": 321, "fields": {"action_time": "2023-11-28T16:11:54.822Z", "user": 20, "content_type": 9, "object_id": "20", "object_repr": "Mortgage - Early Repayment", "action_flag": 2, "change_message": "[{\"changed\": {\"fields\": [\"Image\"]}}]"}}, {"model": "admin.logentry", "pk": 322, "fields": {"action_time": "2023-11-28T16:14:37.609Z", "user": 20, "content_type": 9, "object_id": "18", "object_repr": "FinancialPlanner - What?", "action_flag": 2, "change_message": "[{\"changed\": {\"fields\": [\"Status\"]}}]"}}, {"model": "admin.logentry", "pk": 323, "fields": {"action_time": "2023-11-28T16:20:30.138Z", "user": 20, "content_type": 7, "object_id": "31", "object_repr": "Make a budget (Google Shets)", "action_flag": 1, "change_message": "[{\"added\": {}}]"}}, {"model": "admin.logentry", "pk": 324, "fields": {"action_time": "2023-11-28T16:21:25.991Z", "user": 20, "content_type": 7, "object_id": "32", "object_repr": "Make a budget (Google sheets template)", "action_flag": 1, "change_message": "[{\"added\": {}}]"}}, {"model": "admin.logentry", "pk": 325, "fields": {"action_time": "2023-11-28T16:22:25.459Z", "user": 20, "content_type": 7, "object_id": "31", "object_repr": "RESOURCES - Make a budget (Google Sheets)", "action_flag": 2, "change_message": "[{\"changed\": {\"fields\": [\"Action desc\"]}}]"}}, {"model": "admin.logentry", "pk": 326, "fields": {"action_time": "2023-11-28T20:00:23.026Z", "user": 20, "content_type": 7, "object_id": "33", "object_repr": "Mortgage Repayment Calculator (Google Sheets)", "action_flag": 1, "change_message": "[{\"added\": {}}]"}}, {"model": "admin.logentry", "pk": 327, "fields": {"action_time": "2023-11-28T20:01:01.338Z", "user": 20, "content_type": 7, "object_id": "34", "object_repr": "Mortgage Repayment Calculator (Google Sheets)", "action_flag": 1, "change_message": "[{\"added\": {}}]"}}, {"model": "admin.logentry", "pk": 328, "fields": {"action_time": "2023-11-28T20:09:02.252Z", "user": 20, "content_type": 7, "object_id": "34", "object_repr": "Mortgage Repayment Calculator (Google Sheets: To edit, make a copy)", "action_flag": 2, "change_message": "[{\"changed\": {\"fields\": [\"Action desc\"]}}]"}}, {"model": "admin.logentry", "pk": 329, "fields": {"action_time": "2023-11-28T20:09:21.549Z", "user": 20, "content_type": 7, "object_id": "33", "object_repr": "Mortgage Repayment Calculator (Google Sheets: To edit, make a copy))", "action_flag": 2, "change_message": "[{\"changed\": {\"fields\": [\"Action desc\"]}}]"}}, {"model": "admin.logentry", "pk": 330, "fields": {"action_time": "2023-11-28T20:10:11.685Z", "user": 20, "content_type": 9, "object_id": "20", "object_repr": "Mortgage - Early Repayment", "action_flag": 2, "change_message": "[{\"changed\": {\"fields\": [\"Content\"]}}]"}}, {"model": "admin.logentry", "pk": 331, "fields": {"action_time": "2023-11-28T20:15:48.707Z", "user": 20, "content_type": 9, "object_id": "15", "object_repr": "FinancialPlanner - Founder Story", "action_flag": 2, "change_message": "[{\"changed\": {\"fields\": [\"Excerpt\"]}}]"}}, {"model": "admin.logentry", "pk": 332, "fields": {"action_time": "2023-11-28T20:17:15.146Z", "user": 20, "content_type": 9, "object_id": "15", "object_repr": "FinancialPlanner - Founder Story", "action_flag": 2, "change_message": "[{\"changed\": {\"fields\": [\"Content\"]}}]"}}, {"model": "admin.logentry", "pk": 333, "fields": {"action_time": "2023-11-28T20:18:23.693Z", "user": 20, "content_type": 9, "object_id": "15", "object_repr": "FinancialPlanner - Founder Story", "action_flag": 2, "change_message": "[{\"changed\": {\"fields\": [\"Content\"]}}]"}}, {"model": "admin.logentry", "pk": 334, "fields": {"action_time": "2023-11-28T20:20:01.260Z", "user": 20, "content_type": 9, "object_id": "15", "object_repr": "FinancialPlanner - Founder Story", "action_flag": 2, "change_message": "[]"}}, {"model": "admin.logentry", "pk": 335, "fields": {"action_time": "2023-11-28T20:21:34.731Z", "user": 20, "content_type": 9, "object_id": "16", "object_repr": "FinancialPlanner - How", "action_flag": 2, "change_message": "[{\"changed\": {\"fields\": [\"Content\"]}}]"}}, {"model": "admin.logentry", "pk": 336, "fields": {"action_time": "2023-11-28T20:34:42.119Z", "user": 20, "content_type": 9, "object_id": "20", "object_repr": "Mortgage - Early Repayment", "action_flag": 2, "change_message": "[{\"changed\": {\"fields\": [\"Content\"]}}]"}}, {"model": "admin.logentry", "pk": 337, "fields": {"action_time": "2023-11-28T20:35:11.105Z", "user": 20, "content_type": 9, "object_id": "12", "object_repr": "Saving and Long Term Investment", "action_flag": 2, "change_message": "[{\"changed\": {\"fields\": [\"Content\"]}}]"}}, {"model": "admin.logentry", "pk": 338, "fields": {"action_time": "2023-11-28T20:45:08.685Z", "user": 20, "content_type": 9, "object_id": "20", "object_repr": "Mortgage - Early Repayment", "action_flag": 2, "change_message": "[{\"changed\": {\"fields\": [\"Content\"]}}]"}}, {"model": "admin.logentry", "pk": 339, "fields": {"action_time": "2023-11-28T20:45:33.994Z", "user": 20, "content_type": 9, "object_id": "20", "object_repr": "Mortgage - Early Repayment", "action_flag": 2, "change_message": "[{\"changed\": {\"fields\": [\"Content\"]}}]"}}, {"model": "admin.logentry", "pk": 340, "fields": {"action_time": "2023-11-28T20:46:48.175Z", "user": 20, "content_type": 9, "object_id": "13", "object_repr": "RESOURCES", "action_flag": 2, "change_message": "[{\"changed\": {\"fields\": [\"Content\"]}}]"}}, {"model": "admin.logentry", "pk": 341, "fields": {"action_time": "2023-11-28T20:47:52.000Z", "user": 20, "content_type": 9, "object_id": "3", "object_repr": "Mortgages from Credit Unions", "action_flag": 2, "change_message": "[{\"changed\": {\"fields\": [\"Content\", \"Tags\"]}}]"}}, {"model": "admin.logentry", "pk": 342, "fields": {"action_time": "2023-11-28T20:52:13.875Z", "user": 20, "content_type": 9, "object_id": "20", "object_repr": "Mortgage - Early Repayment", "action_flag": 2, "change_message": "[{\"changed\": {\"fields\": [\"Content\"]}}]"}}, {"model": "admin.logentry", "pk": 343, "fields": {"action_time": "2023-11-28T20:53:53.624Z", "user": 20, "content_type": 9, "object_id": "16", "object_repr": "FinancialPlanner - How", "action_flag": 2, "change_message": "[{\"changed\": {\"fields\": [\"Image\"]}}]"}}, {"model": "admin.logentry", "pk": 344, "fields": {"action_time": "2023-11-28T21:03:43.069Z", "user": 20, "content_type": 9, "object_id": "15", "object_repr": "FinancialPlanner - Founder Story", "action_flag": 2, "change_message": "[{\"changed\": {\"fields\": [\"Content\"]}}]"}}, {"model": "admin.logentry", "pk": 345, "fields": {"action_time": "2023-11-28T21:05:05.933Z", "user": 20, "content_type": 9, "object_id": "15", "object_repr": "FinancialPlanner - Founder Story", "action_flag": 2, "change_message": "[{\"changed\": {\"fields\": [\"Content\"]}}]"}}, {"model": "admin.logentry", "pk": 346, "fields": {"action_time": "2023-11-28T21:06:58.219Z", "user": 20, "content_type": 9, "object_id": "15", "object_repr": "FinancialPlanner - Founder Story", "action_flag": 2, "change_message": "[{\"changed\": {\"fields\": [\"Content\"]}}]"}}, {"model": "admin.logentry", "pk": 347, "fields": {"action_time": "2023-11-28T21:15:35.810Z", "user": 20, "content_type": 9, "object_id": "15", "object_repr": "FinancialPlanner - Founder Story", "action_flag": 2, "change_message": "[{\"changed\": {\"fields\": [\"Image\"]}}]"}}, {"model": "admin.logentry", "pk": 348, "fields": {"action_time": "2023-11-28T21:17:27.469Z", "user": 20, "content_type": 9, "object_id": "15", "object_repr": "FinancialPlanner - Founder Story", "action_flag": 2, "change_message": "[{\"changed\": {\"fields\": [\"Content\"]}}]"}}, {"model": "admin.logentry", "pk": 349, "fields": {"action_time": "2023-11-28T21:25:11.046Z", "user": 20, "content_type": 9, "object_id": "16", "object_repr": "FinancialPlanner - How", "action_flag": 2, "change_message": "[{\"changed\": {\"fields\": [\"Image\"]}}]"}}, {"model": "admin.logentry", "pk": 350, "fields": {"action_time": "2023-11-28T21:27:17.019Z", "user": 20, "content_type": 9, "object_id": "15", "object_repr": "FinancialPlanner - Founder Story", "action_flag": 2, "change_message": "[{\"changed\": {\"fields\": [\"Image\"]}}]"}}, {"model": "admin.logentry", "pk": 351, "fields": {"action_time": "2023-11-29T21:26:04.944Z", "user": 20, "content_type": 9, "object_id": "20", "object_repr": "Mortgage - Early Repayment", "action_flag": 2, "change_message": "[{\"changed\": {\"fields\": [\"Content\"]}}]"}}, {"model": "admin.logentry", "pk": 352, "fields": {"action_time": "2023-11-29T21:26:59.263Z", "user": 20, "content_type": 9, "object_id": "20", "object_repr": "Mortgage - Early Repayment", "action_flag": 2, "change_message": "[{\"changed\": {\"fields\": [\"Content\"]}}]"}}, {"model": "admin.logentry", "pk": 353, "fields": {"action_time": "2023-11-29T21:27:44.252Z", "user": 20, "content_type": 9, "object_id": "20", "object_repr": "Mortgage - Early Repayment", "action_flag": 2, "change_message": "[{\"changed\": {\"fields\": [\"Content\"]}}]"}}, {"model": "admin.logentry", "pk": 354, "fields": {"action_time": "2023-11-29T21:28:28.944Z", "user": 20, "content_type": 9, "object_id": "20", "object_repr": "Mortgage - Early Repayment", "action_flag": 2, "change_message": "[{\"changed\": {\"fields\": [\"Content\"]}}]"}}, {"model": "admin.logentry", "pk": 355, "fields": {"action_time": "2023-11-29T21:29:02.708Z", "user": 20, "content_type": 9, "object_id": "20", "object_repr": "Mortgage - Early Repayment", "action_flag": 2, "change_message": "[{\"changed\": {\"fields\": [\"Content\"]}}]"}}, {"model": "admin.logentry", "pk": 356, "fields": {"action_time": "2023-11-29T21:29:59.025Z", "user": 20, "content_type": 9, "object_id": "20", "object_repr": "Mortgage - Early Repayment", "action_flag": 2, "change_message": "[{\"changed\": {\"fields\": [\"Content\"]}}]"}}, {"model": "admin.logentry", "pk": 357, "fields": {"action_time": "2023-11-29T22:40:31.156Z", "user": 20, "content_type": 9, "object_id": "20", "object_repr": "Mortgage - Early Repayment", "action_flag": 2, "change_message": "[{\"changed\": {\"fields\": [\"Content\"]}}]"}}, {"model": "admin.logentry", "pk": 358, "fields": {"action_time": "2023-11-29T22:43:45.976Z", "user": 20, "content_type": 9, "object_id": "20", "object_repr": "Mortgage - Early Repayment", "action_flag": 2, "change_message": "[{\"changed\": {\"fields\": [\"Content\"]}}]"}}, {"model": "admin.logentry", "pk": 359, "fields": {"action_time": "2023-11-29T23:01:51.603Z", "user": 20, "content_type": 20, "object_id": "27", "object_repr": "Purchase", "action_flag": 3, "change_message": ""}}, {"model": "admin.logentry", "pk": 360, "fields": {"action_time": "2023-11-29T23:02:05.515Z", "user": 20, "content_type": 20, "object_id": "29", "object_repr": "a", "action_flag": 3, "change_message": ""}}, {"model": "admin.logentry", "pk": 361, "fields": {"action_time": "2023-11-29T23:02:15.909Z", "user": 20, "content_type": 20, "object_id": "28", "object_repr": "Property", "action_flag": 3, "change_message": ""}}, {"model": "admin.logentry", "pk": 362, "fields": {"action_time": "2023-11-29T23:02:48.652Z", "user": 20, "content_type": 20, "object_id": "26", "object_repr": "FinancialPlanner", "action_flag": 3, "change_message": ""}}, {"model": "admin.logentry", "pk": 363, "fields": {"action_time": "2023-11-29T23:03:10.937Z", "user": 20, "content_type": 20, "object_id": "20", "object_repr": "FinancialPlanner - About", "action_flag": 2, "change_message": "[{\"added\": {\"name\": \"tagged item\", \"object\": \"FinancialPlanner - Site Notes tagged with FinancialPlanner - About\"}}]"}}, {"model": "admin.logentry", "pk": 364, "fields": {"action_time": "2023-11-29T23:05:23.504Z", "user": 20, "content_type": 7, "object_id": "17", "object_repr": "Locate your local Credit union and review website to check if mortgages offered", "action_flag": 2, "change_message": "[{\"changed\": {\"fields\": [\"Action url\"]}}]"}}, {"model": "admin.logentry", "pk": 365, "fields": {"action_time": "2023-11-29T23:06:00.133Z", "user": 20, "content_type": 7, "object_id": "18", "object_repr": "Check if other credit unions outside your geographic area are offering mortgages in your locality", "action_flag": 2, "change_message": "[{\"changed\": {\"fields\": [\"Action url\"]}}]"}}, {"model": "admin.logentry", "pk": 366, "fields": {"action_time": "2023-11-30T09:00:04.846Z", "user": 20, "content_type": 9, "object_id": "16", "object_repr": "FinancialPlanner - How", "action_flag": 2, "change_message": "[{\"changed\": {\"fields\": [\"Content\"]}}]"}}, {"model": "admin.logentry", "pk": 367, "fields": {"action_time": "2023-11-30T09:00:52.749Z", "user": 20, "content_type": 9, "object_id": "16", "object_repr": "FinancialPlanner - How", "action_flag": 2, "change_message": "[{\"changed\": {\"fields\": [\"Content\"]}}]"}}, {"model": "admin.logentry", "pk": 368, "fields": {"action_time": "2023-11-30T09:04:24.184Z", "user": 20, "content_type": 9, "object_id": "20", "object_repr": "Mortgage - Early Repayment", "action_flag": 2, "change_message": "[{\"changed\": {\"fields\": [\"Content\"]}}]"}}, {"model": "admin.logentry", "pk": 369, "fields": {"action_time": "2023-11-30T09:48:55.432Z", "user": 20, "content_type": 9, "object_id": "20", "object_repr": "Mortgage - Early Repayment", "action_flag": 2, "change_message": "[{\"changed\": {\"fields\": [\"Content\"]}}]"}}, {"model": "admin.logentry", "pk": 370, "fields": {"action_time": "2023-11-30T09:50:46.255Z", "user": 20, "content_type": 9, "object_id": "15", "object_repr": "FinancialPlanner - Founder Story", "action_flag": 2, "change_message": "[{\"changed\": {\"fields\": [\"Content\"]}}]"}}, {"model": "admin.logentry", "pk": 371, "fields": {"action_time": "2023-11-30T09:59:00.171Z", "user": 20, "content_type": 9, "object_id": "15", "object_repr": "FinancialPlanner - Founder Story", "action_flag": 2, "change_message": "[{\"changed\": {\"fields\": [\"Content\"]}}]"}}, {"model": "admin.logentry", "pk": 372, "fields": {"action_time": "2023-11-30T09:59:35.589Z", "user": 20, "content_type": 9, "object_id": "15", "object_repr": "FinancialPlanner - Founder Story", "action_flag": 2, "change_message": "[{\"changed\": {\"fields\": [\"Content\"]}}]"}}, {"model": "admin.logentry", "pk": 373, "fields": {"action_time": "2023-11-30T10:04:43.236Z", "user": 20, "content_type": 9, "object_id": "3", "object_repr": "Mortgages from Credit Unions", "action_flag": 2, "change_message": "[{\"changed\": {\"fields\": [\"Content\"]}}]"}}, {"model": "admin.logentry", "pk": 374, "fields": {"action_time": "2023-11-30T10:06:21.339Z", "user": 20, "content_type": 9, "object_id": "3", "object_repr": "Mortgages from Credit Unions", "action_flag": 2, "change_message": "[{\"changed\": {\"fields\": [\"Content\"]}}]"}}, {"model": "admin.logentry", "pk": 375, "fields": {"action_time": "2023-11-30T10:06:55.153Z", "user": 20, "content_type": 9, "object_id": "3", "object_repr": "Mortgages from Credit Unions", "action_flag": 2, "change_message": "[{\"changed\": {\"fields\": [\"Content\"]}}]"}}, {"model": "admin.logentry", "pk": 376, "fields": {"action_time": "2023-11-30T10:08:56.485Z", "user": 20, "content_type": 9, "object_id": "20", "object_repr": "Mortgage - Early Repayment", "action_flag": 2, "change_message": "[{\"changed\": {\"fields\": [\"Content\"]}}]"}}, {"model": "admin.logentry", "pk": 377, "fields": {"action_time": "2023-11-30T10:13:10.863Z", "user": 20, "content_type": 9, "object_id": "16", "object_repr": "FinancialPlanner - How", "action_flag": 2, "change_message": "[{\"changed\": {\"fields\": [\"Content\"]}}]"}}, {"model": "admin.logentry", "pk": 378, "fields": {"action_time": "2023-11-30T10:15:01.029Z", "user": 20, "content_type": 9, "object_id": "13", "object_repr": "RESOURCES", "action_flag": 2, "change_message": "[{\"changed\": {\"fields\": [\"Content\"]}}]"}}, {"model": "admin.logentry", "pk": 379, "fields": {"action_time": "2023-11-30T10:16:09.098Z", "user": 20, "content_type": 9, "object_id": "13", "object_repr": "RESOURCES", "action_flag": 2, "change_message": "[{\"changed\": {\"fields\": [\"Content\"]}}]"}}, {"model": "admin.logentry", "pk": 380, "fields": {"action_time": "2023-11-30T10:33:02.211Z", "user": 20, "content_type": 9, "object_id": "16", "object_repr": "FinancialPlanner - How", "action_flag": 2, "change_message": "[{\"changed\": {\"fields\": [\"Content\"]}}]"}}, {"model": "admin.logentry", "pk": 381, "fields": {"action_time": "2023-11-30T10:36:25.293Z", "user": 20, "content_type": 9, "object_id": "16", "object_repr": "FinancialPlanner - How", "action_flag": 2, "change_message": "[{\"changed\": {\"fields\": [\"Content\"]}}]"}}, {"model": "admin.logentry", "pk": 382, "fields": {"action_time": "2023-11-30T10:41:46.287Z", "user": 20, "content_type": 9, "object_id": "16", "object_repr": "FinancialPlanner - How", "action_flag": 2, "change_message": "[{\"changed\": {\"fields\": [\"Content\"]}}]"}}, {"model": "admin.logentry", "pk": 383, "fields": {"action_time": "2023-11-30T10:43:56.043Z", "user": 20, "content_type": 9, "object_id": "16", "object_repr": "FinancialPlanner - How", "action_flag": 2, "change_message": "[{\"changed\": {\"fields\": [\"Content\"]}}]"}}, {"model": "admin.logentry", "pk": 384, "fields": {"action_time": "2023-11-30T10:44:28.150Z", "user": 20, "content_type": 9, "object_id": "16", "object_repr": "FinancialPlanner - How", "action_flag": 2, "change_message": "[{\"changed\": {\"fields\": [\"Content\"]}}]"}}, {"model": "admin.logentry", "pk": 385, "fields": {"action_time": "2023-11-30T10:45:38.124Z", "user": 20, "content_type": 9, "object_id": "16", "object_repr": "FinancialPlanner - How", "action_flag": 2, "change_message": "[{\"changed\": {\"fields\": [\"Content\"]}}]"}}, {"model": "admin.logentry", "pk": 386, "fields": {"action_time": "2023-11-30T10:46:31.467Z", "user": 20, "content_type": 9, "object_id": "16", "object_repr": "FinancialPlanner - How", "action_flag": 2, "change_message": "[{\"changed\": {\"fields\": [\"Content\"]}}]"}}, {"model": "admin.logentry", "pk": 387, "fields": {"action_time": "2023-11-30T10:51:22.621Z", "user": 20, "content_type": 7, "object_id": "35", "object_repr": "RESOUCES:  MABS:  Money Advice and Budgeting Service - Excellent all-round money advice from an Irish Government-funded body", "action_flag": 1, "change_message": "[{\"added\": {}}]"}}, {"model": "admin.logentry", "pk": 388, "fields": {"action_time": "2023-11-30T10:52:52.029Z", "user": 20, "content_type": 7, "object_id": "35", "object_repr": "RESOURCES:  MABS:  Money Advice and Budgeting Service - Excellent all-round money advice from an Irish Government-funded body", "action_flag": 2, "change_message": "[{\"changed\": {\"fields\": [\"Action desc\"]}}]"}}, {"model": "admin.logentry", "pk": 389, "fields": {"action_time": "2023-11-30T10:53:15.272Z", "user": 20, "content_type": 7, "object_id": "31", "object_repr": "RESOURCES: Make a budget (Google Sheets)", "action_flag": 2, "change_message": "[{\"changed\": {\"fields\": [\"Action desc\"]}}]"}}, {"model": "admin.logentry", "pk": 390, "fields": {"action_time": "2023-11-30T10:56:08.285Z", "user": 20, "content_type": 7, "object_id": "36", "object_repr": "RESOURCES:  Citizens Information:  Irish Government-funded body to provide guidance on living and thriving in Ireland", "action_flag": 1, "change_message": "[{\"added\": {}}]"}}, {"model": "admin.logentry", "pk": 391, "fields": {"action_time": "2023-11-30T11:03:18.640Z", "user": 20, "content_type": 9, "object_id": "12", "object_repr": "Saving and Long Term Investment", "action_flag": 2, "change_message": "[{\"changed\": {\"fields\": [\"Content\"]}}]"}}, {"model": "admin.logentry", "pk": 392, "fields": {"action_time": "2023-11-30T11:07:10.307Z", "user": 20, "content_type": 9, "object_id": "12", "object_repr": "Saving and Long Term Investment", "action_flag": 2, "change_message": "[{\"changed\": {\"fields\": [\"Content\"]}}]"}}, {"model": "admin.logentry", "pk": 393, "fields": {"action_time": "2023-11-30T11:08:02.250Z", "user": 20, "content_type": 9, "object_id": "12", "object_repr": "Saving and Long Term Investment", "action_flag": 2, "change_message": "[{\"changed\": {\"fields\": [\"Content\"]}}]"}}, {"model": "admin.logentry", "pk": 394, "fields": {"action_time": "2023-12-02T19:22:43.776Z", "user": 20, "content_type": 9, "object_id": "9", "object_repr": "Combining UK and ROI State Pensions", "action_flag": 2, "change_message": "[{\"changed\": {\"fields\": [\"Content\"]}}]"}}, {"model": "admin.logentry", "pk": 395, "fields": {"action_time": "2023-12-03T09:41:39.365Z", "user": 20, "content_type": 9, "object_id": "9", "object_repr": "Combining UK and ROI State Pensions", "action_flag": 2, "change_message": "[{\"changed\": {\"fields\": [\"Content\"]}}]"}}, {"model": "admin.logentry", "pk": 396, "fields": {"action_time": "2023-12-03T09:41:39.480Z", "user": 20, "content_type": 9, "object_id": "9", "object_repr": "Combining UK and ROI State Pensions", "action_flag": 2, "change_message": "[]"}}, {"model": "admin.logentry", "pk": 397, "fields": {"action_time": "2023-12-03T09:41:39.553Z", "user": 20, "content_type": 9, "object_id": "9", "object_repr": "Combining UK and ROI State Pensions", "action_flag": 2, "change_message": "[]"}}, {"model": "admin.logentry", "pk": 398, "fields": {"action_time": "2023-12-03T10:39:16.582Z", "user": 20, "content_type": 7, "object_id": "37", "object_repr": "Call 00441912037010 to get 18-digit reference reference # for making an online payment (or make payment by cheque, referencing your NI number) for missed years", "action_flag": 1, "change_message": "[{\"added\": {}}]"}}, {"model": "admin.logentry", "pk": 399, "fields": {"action_time": "2023-12-03T11:18:35.712Z", "user": 20, "content_type": 7, "object_id": "37", "object_repr": "Phone 00441912037010 to get 18-digit reference reference # for making an online payment (or make payment by cheque, referencing your NI number) for missed years", "action_flag": 2, "change_message": "[{\"changed\": {\"fields\": [\"Action desc\", \"Action url\"]}}]"}}, {"model": "admin.logentry", "pk": 400, "fields": {"action_time": "2023-12-03T11:25:50.391Z", "user": 20, "content_type": 7, "object_id": "37", "object_repr": "Phone 00441912037010 to get 18-digit reference reference # for making an online payment (or make payment by cheque, referencing your NI number) for missed years", "action_flag": 2, "change_message": "[{\"changed\": {\"fields\": [\"Action url\"]}}]"}}, {"model": "admin.logentry", "pk": 401, "fields": {"action_time": "2023-12-03T11:50:06.232Z", "user": 20, "content_type": 9, "object_id": "15", "object_repr": "FinancialPlanner - Founder Story", "action_flag": 2, "change_message": "[{\"changed\": {\"fields\": [\"Content\"]}}]"}}, {"model": "admin.logentry", "pk": 402, "fields": {"action_time": "2023-12-03T11:57:31.307Z", "user": 20, "content_type": 9, "object_id": "15", "object_repr": "FinancialPlanner - Founder Story", "action_flag": 2, "change_message": "[{\"changed\": {\"fields\": [\"Content\"]}}]"}}, {"model": "admin.logentry", "pk": 403, "fields": {"action_time": "2023-12-03T11:58:57.321Z", "user": 20, "content_type": 9, "object_id": "15", "object_repr": "FinancialPlanner - Founder Story", "action_flag": 2, "change_message": "[{\"changed\": {\"fields\": [\"Content\"]}}]"}}, {"model": "admin.logentry", "pk": 404, "fields": {"action_time": "2023-12-03T12:00:12.629Z", "user": 20, "content_type": 9, "object_id": "9", "object_repr": "Combining UK and ROI State Pensions", "action_flag": 2, "change_message": "[{\"changed\": {\"fields\": [\"Content\"]}}]"}}, {"model": "admin.logentry", "pk": 405, "fields": {"action_time": "2023-12-03T12:02:40.129Z", "user": 20, "content_type": 9, "object_id": "9", "object_repr": "Combining UK and ROI State Pensions", "action_flag": 2, "change_message": "[{\"changed\": {\"fields\": [\"Content\"]}}]"}}, {"model": "admin.logentry", "pk": 406, "fields": {"action_time": "2023-12-03T12:04:17.695Z", "user": 20, "content_type": 9, "object_id": "9", "object_repr": "Combining UK and ROI State Pensions", "action_flag": 2, "change_message": "[{\"changed\": {\"fields\": [\"Content\"]}}]"}}, {"model": "admin.logentry", "pk": 407, "fields": {"action_time": "2023-12-07T12:55:17.915Z", "user": 20, "content_type": 8, "object_id": "21", "object_repr": "Comment this is test1 leavng a second  comment as, after logging out and back in, I can now add more comments.... yippee! by user test1", "action_flag": 3, "change_message": ""}}, {"model": "admin.logentry", "pk": 408, "fields": {"action_time": "2023-12-07T12:55:17.927Z", "user": 20, "content_type": 8, "object_id": "23", "object_repr": "Comment Please use either courses or programmes as the use of both words is confusing yeah so so nut the spiling mis takes hear. by user test1", "action_flag": 3, "change_message": ""}}, {"model": "admin.logentry", "pk": 409, "fields": {"action_time": "2023-12-07T12:55:17.931Z", "user": 20, "content_type": 8, "object_id": "35", "object_repr": "Comment Test6 this is my 6th test and is performed after removing field 'name' from comments as it was throwing a null value.  Plus its superfluous as the name can always be retrieved from field 'user", "action_flag": 3, "change_message": ""}}, {"model": "admin.logentry", "pk": 410, "fields": {"action_time": "2024-04-16T07:57:35.314Z", "user": 20, "content_type": 9, "object_id": "21", "object_repr": "April is Financial Literacy Month!", "action_flag": 1, "change_message": "[{\"added\": {}}]"}}, {"model": "admin.logentry", "pk": 411, "fields": {"action_time": "2024-04-16T07:58:01.868Z", "user": 20, "content_type": 20, "object_id": "32", "object_repr": "awareness", "action_flag": 2, "change_message": "[{\"changed\": {\"fields\": [\"Name\"]}}]"}}, {"model": "admin.logentry", "pk": 412, "fields": {"action_time": "2024-04-16T07:58:18.101Z", "user": 20, "content_type": 20, "object_id": "32", "object_repr": "#awareness", "action_flag": 2, "change_message": "[{\"changed\": {\"fields\": [\"Name\"]}}]"}}, {"model": "admin.logentry", "pk": 413, "fields": {"action_time": "2024-04-16T08:00:40.124Z", "user": 20, "content_type": 9, "object_id": "22", "object_repr": "Research in Ireland", "action_flag": 1, "change_message": "[{\"added\": {}}]"}}, {"model": "admin.logentry", "pk": 414, "fields": {"action_time": "2024-04-16T08:03:16.411Z", "user": 20, "content_type": 9, "object_id": "23", "object_repr": "Financial Literacy Learning - Secondary School", "action_flag": 1, "change_message": "[{\"added\": {}}]"}}, {"model": "admin.logentry", "pk": 415, "fields": {"action_time": "2024-04-20T13:17:25.615Z", "user": 1, "content_type": 9, "object_id": "23", "object_repr": "Financial Literacy Learning - Secondary School", "action_flag": 2, "change_message": "[{\"changed\": {\"fields\": [\"Content\"]}}]"}}, {"model": "admin.logentry", "pk": 416, "fields": {"action_time": "2024-04-29T21:19:29.917Z", "user": 1, "content_type": 9, "object_id": "23", "object_repr": "Financial Literacy Learning - Secondary School", "action_flag": 2, "change_message": "[{\"changed\": {\"fields\": [\"Content\"]}}]"}}, {"model": "admin.logentry", "pk": 417, "fields": {"action_time": "2024-05-26T08:31:38.349Z", "user": 20, "content_type": 9, "object_id": "24", "object_repr": "Show Her The Money", "action_flag": 1, "change_message": "[{\"added\": {}}]"}}, {"model": "admin.logentry", "pk": 418, "fields": {"action_time": "2024-05-26T08:51:33.371Z", "user": 20, "content_type": 9, "object_id": "25", "object_repr": "Economic Abuse", "action_flag": 1, "change_message": "[{\"added\": {}}]"}}, {"model": "admin.logentry", "pk": 419, "fields": {"action_time": "2024-05-26T08:59:54.092Z", "user": 20, "content_type": 9, "object_id": "26", "object_repr": "MABS Services Country-wide", "action_flag": 1, "change_message": "[{\"added\": {}}]"}}, {"model": "admin.logentry", "pk": 420, "fields": {"action_time": "2024-06-03T20:39:24.724Z", "user": 20, "content_type": 9, "object_id": "22", "object_repr": "Research in Ireland", "action_flag": 2, "change_message": "[]"}}, {"model": "admin.logentry", "pk": 421, "fields": {"action_time": "2024-06-24T16:44:57.014Z", "user": 20, "content_type": 4, "object_id": "8", "object_repr": "misterson", "action_flag": 2, "change_message": "[{\"changed\": {\"fields\": [\"password\"]}}]"}}, {"model": "admin.logentry", "pk": 422, "fields": {"action_time": "2024-08-04T07:04:18.765Z", "user": 31, "content_type": 4, "object_id": "24", "object_repr": "deemac", "action_flag": 2, "change_message": "[{\"changed\": {\"fields\": [\"password\"]}}]"}}, {"model": "admin.logentry", "pk": 423, "fields": {"action_time": "2024-08-04T07:04:55.889Z", "user": 31, "content_type": 4, "object_id": "24", "object_repr": "deemac", "action_flag": 2, "change_message": "[{\"changed\": {\"fields\": [\"First name\", \"Last name\"]}}]"}}, {"model": "admin.logentry", "pk": 424, "fields": {"action_time": "2024-08-04T07:07:54.568Z", "user": 31, "content_type": 17, "object_id": "28", "object_repr": "UserName: Deirdre McCarthy,", "action_flag": 2, "change_message": "[{\"changed\": {\"fields\": [\"Image\"]}}]"}}, {"model": "admin.logentry", "pk": 425, "fields": {"action_time": "2024-08-04T07:07:57.580Z", "user": 31, "content_type": 17, "object_id": "28", "object_repr": "UserName: Deirdre McCarthy,", "action_flag": 2, "change_message": "[{\"changed\": {\"fields\": [\"Image\"]}}]"}}, {"model": "admin.logentry", "pk": 426, "fields": {"action_time": "2024-08-04T07:10:31.467Z", "user": 31, "content_type": 4, "object_id": "1", "object_repr": "deirdre", "action_flag": 2, "change_message": "[{\"changed\": {\"fields\": [\"password\"]}}]"}}, {"model": "admin.logentry", "pk": 427, "fields": {"action_time": "2024-08-04T07:22:36.773Z", "user": 31, "content_type": 9, "object_id": "25", "object_repr": "Economic Abuse", "action_flag": 2, "change_message": "[{\"changed\": {\"fields\": [\"Content\"]}}]"}}, {"model": "admin.logentry", "pk": 428, "fields": {"action_time": "2024-08-04T07:32:28.539Z", "user": 31, "content_type": 9, "object_id": "27", "object_repr": "Existing financial literacy sites", "action_flag": 1, "change_message": "[{\"added\": {}}]"}}, {"model": "admin.logentry", "pk": 429, "fields": {"action_time": "2024-08-04T07:42:26.532Z", "user": 31, "content_type": 9, "object_id": "27", "object_repr": "Existing financial literacy sites", "action_flag": 2, "change_message": "[{\"changed\": {\"fields\": [\"Content\"]}}]"}}, {"model": "admin.logentry", "pk": 430, "fields": {"action_time": "2024-08-04T07:44:39.274Z", "user": 31, "content_type": 9, "object_id": "28", "object_repr": "Calendar of events", "action_flag": 1, "change_message": "[{\"added\": {}}]"}}, {"model": "admin.logentry", "pk": 431, "fields": {"action_time": "2024-08-04T10:53:42.951Z", "user": 31, "content_type": 9, "object_id": "28", "object_repr": "Calendar of events", "action_flag": 2, "change_message": "[{\"changed\": {\"fields\": [\"Content\"]}}]"}}, {"model": "admin.logentry", "pk": 432, "fields": {"action_time": "2024-08-16T16:03:32.418Z", "user": 1, "content_type": 9, "object_id": "29", "object_repr": "Conducting an Annual Financial Reeview", "action_flag": 1, "change_message": "[{\"added\": {}}]"}}, {"model": "admin.logentry", "pk": 433, "fields": {"action_time": "2024-08-16T16:04:41.131Z", "user": 1, "content_type": 7, "object_id": "38", "object_repr": "Action:  Source a financial planner", "action_flag": 1, "change_message": "[{\"added\": {}}]"}}, {"model": "admin.logentry", "pk": 434, "fields": {"action_time": "2024-08-16T16:05:03.148Z", "user": 1, "content_type": 9, "object_id": "29", "object_repr": "Conducting an Annual Financial Review", "action_flag": 2, "change_message": "[{\"changed\": {\"fields\": [\"Title\", \"Slug\"]}}]"}}, {"model": "auth.permission", "pk": 1, "fields": {"name": "Can add log entry", "content_type": 1, "codename": "add_logentry"}}, {"model": "auth.permission", "pk": 2, "fields": {"name": "Can change log entry", "content_type": 1, "codename": "change_logentry"}}, {"model": "auth.permission", "pk": 3, "fields": {"name": "Can delete log entry", "content_type": 1, "codename": "delete_logentry"}}, {"model": "auth.permission", "pk": 4, "fields": {"name": "Can view log entry", "content_type": 1, "codename": "view_logentry"}}, {"model": "auth.permission", "pk": 5, "fields": {"name": "Can add permission", "content_type": 2, "codename": "add_permission"}}, {"model": "auth.permission", "pk": 6, "fields": {"name": "Can change permission", "content_type": 2, "codename": "change_permission"}}, {"model": "auth.permission", "pk": 7, "fields": {"name": "Can delete permission", "content_type": 2, "codename": "delete_permission"}}, {"model": "auth.permission", "pk": 8, "fields": {"name": "Can view permission", "content_type": 2, "codename": "view_permission"}}, {"model": "auth.permission", "pk": 9, "fields": {"name": "Can add group", "content_type": 3, "codename": "add_group"}}, {"model": "auth.permission", "pk": 10, "fields": {"name": "Can change group", "content_type": 3, "codename": "change_group"}}, {"model": "auth.permission", "pk": 11, "fields": {"name": "Can delete group", "content_type": 3, "codename": "delete_group"}}, {"model": "auth.permission", "pk": 12, "fields": {"name": "Can view group", "content_type": 3, "codename": "view_group"}}, {"model": "auth.permission", "pk": 13, "fields": {"name": "Can add user", "content_type": 4, "codename": "add_user"}}, {"model": "auth.permission", "pk": 14, "fields": {"name": "Can change user", "content_type": 4, "codename": "change_user"}}, {"model": "auth.permission", "pk": 15, "fields": {"name": "Can delete user", "content_type": 4, "codename": "delete_user"}}, {"model": "auth.permission", "pk": 16, "fields": {"name": "Can view user", "content_type": 4, "codename": "view_user"}}, {"model": "auth.permission", "pk": 17, "fields": {"name": "Can add content type", "content_type": 5, "codename": "add_contenttype"}}, {"model": "auth.permission", "pk": 18, "fields": {"name": "Can change content type", "content_type": 5, "codename": "change_contenttype"}}, {"model": "auth.permission", "pk": 19, "fields": {"name": "Can delete content type", "content_type": 5, "codename": "delete_contenttype"}}, {"model": "auth.permission", "pk": 20, "fields": {"name": "Can view content type", "content_type": 5, "codename": "view_contenttype"}}, {"model": "auth.permission", "pk": 21, "fields": {"name": "Can add session", "content_type": 6, "codename": "add_session"}}, {"model": "auth.permission", "pk": 22, "fields": {"name": "Can change session", "content_type": 6, "codename": "change_session"}}, {"model": "auth.permission", "pk": 23, "fields": {"name": "Can delete session", "content_type": 6, "codename": "delete_session"}}, {"model": "auth.permission", "pk": 24, "fields": {"name": "Can view session", "content_type": 6, "codename": "view_session"}}, {"model": "auth.permission", "pk": 25, "fields": {"name": "Can add action", "content_type": 7, "codename": "add_action"}}, {"model": "auth.permission", "pk": 26, "fields": {"name": "Can change action", "content_type": 7, "codename": "change_action"}}, {"model": "auth.permission", "pk": 27, "fields": {"name": "Can delete action", "content_type": 7, "codename": "delete_action"}}, {"model": "auth.permission", "pk": 28, "fields": {"name": "Can view action", "content_type": 7, "codename": "view_action"}}, {"model": "auth.permission", "pk": 29, "fields": {"name": "Can add comment", "content_type": 8, "codename": "add_comment"}}, {"model": "auth.permission", "pk": 30, "fields": {"name": "Can change comment", "content_type": 8, "codename": "change_comment"}}, {"model": "auth.permission", "pk": 31, "fields": {"name": "Can delete comment", "content_type": 8, "codename": "delete_comment"}}, {"model": "auth.permission", "pk": 32, "fields": {"name": "Can view comment", "content_type": 8, "codename": "view_comment"}}, {"model": "auth.permission", "pk": 33, "fields": {"name": "Can add article", "content_type": 9, "codename": "add_article"}}, {"model": "auth.permission", "pk": 34, "fields": {"name": "Can change article", "content_type": 9, "codename": "change_article"}}, {"model": "auth.permission", "pk": 35, "fields": {"name": "Can delete article", "content_type": 9, "codename": "delete_article"}}, {"model": "auth.permission", "pk": 36, "fields": {"name": "Can view article", "content_type": 9, "codename": "view_article"}}, {"model": "auth.permission", "pk": 37, "fields": {"name": "Can add attachment", "content_type": 10, "codename": "add_attachment"}}, {"model": "auth.permission", "pk": 38, "fields": {"name": "Can change attachment", "content_type": 10, "codename": "change_attachment"}}, {"model": "auth.permission", "pk": 39, "fields": {"name": "Can delete attachment", "content_type": 10, "codename": "delete_attachment"}}, {"model": "auth.permission", "pk": 40, "fields": {"name": "Can view attachment", "content_type": 10, "codename": "view_attachment"}}, {"model": "auth.permission", "pk": 41, "fields": {"name": "Can add email address", "content_type": 11, "codename": "add_emailaddress"}}, {"model": "auth.permission", "pk": 42, "fields": {"name": "Can change email address", "content_type": 11, "codename": "change_emailaddress"}}, {"model": "auth.permission", "pk": 43, "fields": {"name": "Can delete email address", "content_type": 11, "codename": "delete_emailaddress"}}, {"model": "auth.permission", "pk": 44, "fields": {"name": "Can view email address", "content_type": 11, "codename": "view_emailaddress"}}, {"model": "auth.permission", "pk": 45, "fields": {"name": "Can add email confirmation", "content_type": 12, "codename": "add_emailconfirmation"}}, {"model": "auth.permission", "pk": 46, "fields": {"name": "Can change email confirmation", "content_type": 12, "codename": "change_emailconfirmation"}}, {"model": "auth.permission", "pk": 47, "fields": {"name": "Can delete email confirmation", "content_type": 12, "codename": "delete_emailconfirmation"}}, {"model": "auth.permission", "pk": 48, "fields": {"name": "Can view email confirmation", "content_type": 12, "codename": "view_emailconfirmation"}}, {"model": "auth.permission", "pk": 49, "fields": {"name": "Can add social account", "content_type": 13, "codename": "add_socialaccount"}}, {"model": "auth.permission", "pk": 50, "fields": {"name": "Can change social account", "content_type": 13, "codename": "change_socialaccount"}}, {"model": "auth.permission", "pk": 51, "fields": {"name": "Can delete social account", "content_type": 13, "codename": "delete_socialaccount"}}, {"model": "auth.permission", "pk": 52, "fields": {"name": "Can view social account", "content_type": 13, "codename": "view_socialaccount"}}, {"model": "auth.permission", "pk": 53, "fields": {"name": "Can add social application", "content_type": 14, "codename": "add_socialapp"}}, {"model": "auth.permission", "pk": 54, "fields": {"name": "Can change social application", "content_type": 14, "codename": "change_socialapp"}}, {"model": "auth.permission", "pk": 55, "fields": {"name": "Can delete social application", "content_type": 14, "codename": "delete_socialapp"}}, {"model": "auth.permission", "pk": 56, "fields": {"name": "Can view social application", "content_type": 14, "codename": "view_socialapp"}}, {"model": "auth.permission", "pk": 57, "fields": {"name": "Can add social application token", "content_type": 15, "codename": "add_socialtoken"}}, {"model": "auth.permission", "pk": 58, "fields": {"name": "Can change social application token", "content_type": 15, "codename": "change_socialtoken"}}, {"model": "auth.permission", "pk": 59, "fields": {"name": "Can delete social application token", "content_type": 15, "codename": "delete_socialtoken"}}, {"model": "auth.permission", "pk": 60, "fields": {"name": "Can view social application token", "content_type": 15, "codename": "view_socialtoken"}}, {"model": "auth.permission", "pk": 61, "fields": {"name": "Can add user action", "content_type": 16, "codename": "add_useraction"}}, {"model": "auth.permission", "pk": 62, "fields": {"name": "Can change user action", "content_type": 16, "codename": "change_useraction"}}, {"model": "auth.permission", "pk": 63, "fields": {"name": "Can delete user action", "content_type": 16, "codename": "delete_useraction"}}, {"model": "auth.permission", "pk": 64, "fields": {"name": "Can view user action", "content_type": 16, "codename": "view_useraction"}}, {"model": "auth.permission", "pk": 65, "fields": {"name": "Can add user profile", "content_type": 17, "codename": "add_userprofile"}}, {"model": "auth.permission", "pk": 66, "fields": {"name": "Can change user profile", "content_type": 17, "codename": "change_userprofile"}}, {"model": "auth.permission", "pk": 67, "fields": {"name": "Can delete user profile", "content_type": 17, "codename": "delete_userprofile"}}, {"model": "auth.permission", "pk": 68, "fields": {"name": "Can view user profile", "content_type": 17, "codename": "view_userprofile"}}, {"model": "auth.permission", "pk": 69, "fields": {"name": "Can add user favourite", "content_type": 18, "codename": "add_userfavourite"}}, {"model": "auth.permission", "pk": 70, "fields": {"name": "Can change user favourite", "content_type": 18, "codename": "change_userfavourite"}}, {"model": "auth.permission", "pk": 71, "fields": {"name": "Can delete user favourite", "content_type": 18, "codename": "delete_userfavourite"}}, {"model": "auth.permission", "pk": 72, "fields": {"name": "Can view user favourite", "content_type": 18, "codename": "view_userfavourite"}}, {"model": "auth.permission", "pk": 73, "fields": {"name": "Can add feedback", "content_type": 19, "codename": "add_feedback"}}, {"model": "auth.permission", "pk": 74, "fields": {"name": "Can change feedback", "content_type": 19, "codename": "change_feedback"}}, {"model": "auth.permission", "pk": 75, "fields": {"name": "Can delete feedback", "content_type": 19, "codename": "delete_feedback"}}, {"model": "auth.permission", "pk": 76, "fields": {"name": "Can view feedback", "content_type": 19, "codename": "view_feedback"}}, {"model": "auth.permission", "pk": 77, "fields": {"name": "Can add tag", "content_type": 20, "codename": "add_tag"}}, {"model": "auth.permission", "pk": 78, "fields": {"name": "Can change tag", "content_type": 20, "codename": "change_tag"}}, {"model": "auth.permission", "pk": 79, "fields": {"name": "Can delete tag", "content_type": 20, "codename": "delete_tag"}}, {"model": "auth.permission", "pk": 80, "fields": {"name": "Can view tag", "content_type": 20, "codename": "view_tag"}}, {"model": "auth.permission", "pk": 81, "fields": {"name": "Can add tagged item", "content_type": 21, "codename": "add_taggeditem"}}, {"model": "auth.permission", "pk": 82, "fields": {"name": "Can change tagged item", "content_type": 21, "codename": "change_taggeditem"}}, {"model": "auth.permission", "pk": 83, "fields": {"name": "Can delete tagged item", "content_type": 21, "codename": "delete_taggeditem"}}, {"model": "auth.permission", "pk": 84, "fields": {"name": "Can view tagged item", "content_type": 21, "codename": "view_taggeditem"}}, {"model": "auth.user", "pk": 1, "fields": {"password": "pbkdf2_sha256$600000$lqsHiRMnKYqb4yCWJdSxHt$YVOCqDQd3//FI2XhlUOW5wXP1AycYanPE3DY97GrkJQ=", "last_login": "2024-08-04T07:10:53.546Z", "is_superuser": true, "username": "deirdre", "first_name": "Deirdre", "last_name": "McCarthy", "email": "deirdre.mccarthy@gmail.com", "is_staff": true, "is_active": true, "date_joined": "2023-10-23T16:19:15Z", "groups": [], "user_permissions": []}}, {"model": "auth.user", "pk": 2, "fields": {"password": "pbkdf2_sha256$600000$qZWtkJznH8SGHAbPN9UTYZ$gEbYzHyKbQTV5snQD7WdBcGfNuh6peWJ45DgLsdxNrs=", "last_login": "2023-11-23T08:43:19.480Z", "is_superuser": false, "username": "fred", "first_name": "Frederick", "last_name": "Flinstone", "email": "deirdremc1968@gmail.com", "is_staff": false, "is_active": true, "date_joined": "2023-10-27T14:15:47Z", "groups": [], "user_permissions": []}}, {"model": "auth.user", "pk": 4, "fields": {"password": "pbkdf2_sha256$260000$im2EnjxnniVnT8OQ6i5C60$/WLG4aow3O1gEjR40Cd0maX7Ew6wNN7Db9olKP/Vz7Y=", "last_login": "2023-11-08T00:43:49.430Z", "is_superuser": false, "username": "test1", "first_name": "Testy", "last_name": "McTest", "email": "allskills.tech@gmail.com", "is_staff": false, "is_active": true, "date_joined": "2023-11-01T11:09:29Z", "groups": [], "user_permissions": []}}, {"model": "auth.user", "pk": 5, "fields": {"password": "pbkdf2_sha256$260000$o5IMJFTvNlVvfYXHzC0cN4$NCXiFhhqgUszaslpiQfa3JPNGPZb3+FNeOJiLb7+tjM=", "last_login": "2023-11-07T16:05:40Z", "is_superuser": false, "username": "Bushell23", "first_name": "Alan", "last_name": "Bushell", "email": "", "is_staff": false, "is_active": true, "date_joined": "2023-11-07T16:05:40Z", "groups": [], "user_permissions": []}}, {"model": "auth.user", "pk": 6, "fields": {"password": "pbkdf2_sha256$260000$u7Qq05BvOxylSttM3WE2ml$UjpoToW/K9o4Xd5lyBwrx9L0vWd2wLRPmdAHBTu9hBE=", "last_login": "2023-11-18T00:53:32.976Z", "is_superuser": false, "username": "test2", "first_name": "", "last_name": "", "email": "", "is_staff": false, "is_active": true, "date_joined": "2023-11-07T22:41:12.341Z", "groups": [], "user_permissions": []}}, {"model": "auth.user", "pk": 7, "fields": {"password": "pbkdf2_sha256$260000$53LSq4lWA5RIrQmNTXaJJD$veYCn5Zf0tFvQ2bdS/zIuN4UwZnPLMMzZlcNMRKHMNA=", "last_login": "2023-11-14T12:43:47.774Z", "is_superuser": false, "username": "newbie", "first_name": "", "last_name": "", "email": "", "is_staff": false, "is_active": true, "date_joined": "2023-11-13T23:06:25.902Z", "groups": [], "user_permissions": []}}, {"model": "auth.user", "pk": 8, "fields": {"password": "pbkdf2_sha256$600000$h1L9YS72qEjp4FpOk7rokZ$Q/L9DidiLxLs4jAl5wzvEtJ0vJTEX6lZVDzX+Fw9jo8=", "last_login": "2024-07-02T10:38:31.643Z", "is_superuser": false, "username": "misterson", "first_name": "Mister", "last_name": "Son", "email": "dummy_email@gmail.com", "is_staff": false, "is_active": true, "date_joined": "2023-11-14T18:11:14Z", "groups": [], "user_permissions": []}}, {"model": "auth.user", "pk": 9, "fields": {"password": "pbkdf2_sha256$260000$fYl56iSjvttFCO9qN4T7aQ$ImdyHu+cMqA6PbUf1HJ174pj0wL7x5uGuTRdjXfqVJE=", "last_login": "2023-11-15T23:12:26.639Z", "is_superuser": false, "username": "larrythelad", "first_name": "", "last_name": "", "email": "derek1250@gmail.com", "is_staff": false, "is_active": true, "date_joined": "2023-11-15T23:00:15.837Z", "groups": [], "user_permissions": []}}, {"model": "auth.user", "pk": 10, "fields": {"password": "pbkdf2_sha256$260000$7VK7Tp3lovJ4U7AYMSBBM2$UMEtXqG8xLk8frQM4U/NMoUhbicK0udvoVA/BNpptl4=", "last_login": "2023-11-18T13:24:02.937Z", "is_superuser": false, "username": "test3", "first_name": "", "last_name": "", "email": "", "is_staff": false, "is_active": true, "date_joined": "2023-11-17T15:59:35.640Z", "groups": [], "user_permissions": []}}, {"model": "auth.user", "pk": 11, "fields": {"password": "pbkdf2_sha256$260000$6dAePErXUbQWPqjcSRrh2W$gQvN0lZlbYH8+80F4gmsen9lvmMp05PecXAk9kYvlaM=", "last_login": "2023-11-17T17:10:00.310Z", "is_superuser": false, "username": "fred1", "first_name": "", "last_name": "", "email": "Chrismwinters@gmail.com", "is_staff": false, "is_active": true, "date_joined": "2023-11-17T17:10:00.041Z", "groups": [], "user_permissions": []}}, {"model": "auth.user", "pk": 13, "fields": {"password": "pbkdf2_sha256$260000$sHZZdsHMqGeDqC8mg88d1Y$lJxQ1iAA8JuxyL3p0vOd1VWvuQPIBQRPaRqp1VNTC2Y=", "last_login": "2023-11-18T13:46:44.921Z", "is_superuser": false, "username": "test5", "first_name": "", "last_name": "", "email": "", "is_staff": false, "is_active": true, "date_joined": "2023-11-18T13:26:35.484Z", "groups": [], "user_permissions": []}}, {"model": "auth.user", "pk": 14, "fields": {"password": "pbkdf2_sha256$260000$chBIzsteVa9iyr4R7I0Ap2$NNFNqEZuZX/B/fDU0aiMlF6rEQ33TFqMhzuoVKBg69Q=", "last_login": "2023-11-18T23:01:52.671Z", "is_superuser": false, "username": "test6", "first_name": "", "last_name": "", "email": "", "is_staff": false, "is_active": true, "date_joined": "2023-11-18T22:32:07.183Z", "groups": [], "user_permissions": []}}, {"model": "auth.user", "pk": 15, "fields": {"password": "pbkdf2_sha256$260000$cooCVQ1Px9D1078EvqZGY4$GxABKNtT18P/DltrcfRclrBVltoZVCVM5GtksrlzrUg=", "last_login": "2023-11-19T10:32:29.080Z", "is_superuser": false, "username": "test7", "first_name": "", "last_name": "", "email": "", "is_staff": false, "is_active": true, "date_joined": "2023-11-18T23:00:39.005Z", "groups": [], "user_permissions": []}}, {"model": "auth.user", "pk": 16, "fields": {"password": "pbkdf2_sha256$260000$5NDDNDlr9WVQNFNergW1PY$M5DSJ6a5rlkSv9Vl+SzjCcoo1S550kUGtl0eyqpNK90=", "last_login": "2023-11-19T10:29:47.111Z", "is_superuser": false, "username": "derek1250", "first_name": "", "last_name": "", "email": "", "is_staff": false, "is_active": true, "date_joined": "2023-11-19T10:29:46.887Z", "groups": [], "user_permissions": []}}, {"model": "auth.user", "pk": 17, "fields": {"password": "pbkdf2_sha256$260000$aA4nxnOYtwMrDa8KLFDmg5$+nACe+RvAnLrH6bSIWWvkluJS302N4F1hHlg+qfQ8E0=", "last_login": "2023-11-19T19:03:52.740Z", "is_superuser": false, "username": "test8", "first_name": "", "last_name": "", "email": "", "is_staff": false, "is_active": true, "date_joined": "2023-11-19T19:03:52.522Z", "groups": [], "user_permissions": []}}, {"model": "auth.user", "pk": 18, "fields": {"password": "pbkdf2_sha256$260000$HSLXBihdf4GgsxuFqyVydX$RT53MZV6sXIjsI/rh+TUuo81f4/wkxrsHOYqSw5DJVA=", "last_login": "2023-11-19T21:21:28Z", "is_superuser": false, "username": "conor", "first_name": "Conor", "last_name": "McCarthy", "email": "cmcagroup@gmail.com", "is_staff": false, "is_active": true, "date_joined": "2023-11-19T21:21:28Z", "groups": [], "user_permissions": []}}, {"model": "auth.user", "pk": 19, "fields": {"password": "pbkdf2_sha256$600000$mHga3M0FMRn39OJ1YaqVUa$j6Q47ErXdRrhDzabKKpSksEwo2IbjkfFEoq/Q7jHPAM=", "last_login": "2023-11-21T16:07:39.657Z", "is_superuser": false, "username": "alanci", "first_name": "", "last_name": "", "email": "", "is_staff": false, "is_active": true, "date_joined": "2023-11-21T16:07:39.436Z", "groups": [], "user_permissions": []}}, {"model": "auth.user", "pk": 20, "fields": {"password": "pbkdf2_sha256$600000$wnGrYgzER91F1ICl9NPcPz$BXpDdhvqvaivqhj1kYQPFqOD5cJjg4qFhiNM9wdJOP4=", "last_login": "2024-06-24T16:43:46.060Z", "is_superuser": true, "username": "admin", "first_name": "System", "last_name": "Administrator", "email": "allskills.tech@gmail.com", "is_staff": true, "is_active": true, "date_joined": "2023-11-22T14:03:48Z", "groups": [], "user_permissions": []}}, {"model": "auth.user", "pk": 21, "fields": {"password": "pbkdf2_sha256$600000$h77tr0PGSD1nG2vmbmnu9n$3LvPD8QsciAhkbvCJ2mNDcNYMT2w7tV/wZD2qpNPg7s=", "last_login": "2023-12-07T11:29:20.754Z", "is_superuser": false, "username": "Siobhan", "first_name": "", "last_name": "", "email": "shegarty1@gmail.com", "is_staff": false, "is_active": true, "date_joined": "2023-12-07T11:29:20.528Z", "groups": [], "user_permissions": []}}, {"model": "auth.user", "pk": 22, "fields": {"password": "pbkdf2_sha256$600000$H2OxUpY2fdA2jyHqr6Puzr$3YtY//4ZMuNUFFDAUwtIeNerwkvBC10QucbbI2T5OD0=", "last_login": "2024-01-01T21:37:24.076Z", "is_superuser": false, "username": "Sourojit", "first_name": "", "last_name": "", "email": "abc@abc.com", "is_staff": false, "is_active": true, "date_joined": "2024-01-01T21:37:23.837Z", "groups": [], "user_permissions": []}}, {"model": "auth.user", "pk": 23, "fields": {"password": "pbkdf2_sha256$600000$WU8K39PPjzxKWjblvskbvy$zpgqlOmsp2wb8ZBgE1QNKi3QEN7JMmExyWkU/2Ly/3A=", "last_login": "2024-01-18T10:55:26.957Z", "is_superuser": false, "username": "Souro", "first_name": "", "last_name": "", "email": "sample@gmail.com", "is_staff": false, "is_active": true, "date_joined": "2024-01-18T10:55:26.661Z", "groups": [], "user_permissions": []}}, {"model": "auth.user", "pk": 24, "fields": {"password": "pbkdf2_sha256$600000$X1juLZtYPWOcaxlVYDaZQq$9QcVhtwKOhuxi9tWKKB4dWNka77XdiZ4EM2JRedB+I0=", "last_login": "2024-08-04T07:06:23.301Z", "is_superuser": false, "username": "deemac", "first_name": "Deirdre", "last_name": "McCarthy", "email": "deirdre_mc_carthy@eircom.net", "is_staff": false, "is_active": true, "date_joined": "2024-01-24T13:28:39Z", "groups": [], "user_permissions": []}}, {"model": "auth.user", "pk": 25, "fields": {"password": "pbkdf2_sha256$600000$0o2hS3ByzeNIXJzNVn1udx$/0qbqOnWD5yEUUOEjZaCvfKqSDJ9p/se5Gki1GFoHCs=", "last_login": "2024-01-25T16:47:29.255Z", "is_superuser": false, "username": "freda", "first_name": "", "last_name": "", "email": "freda@gmail.com", "is_staff": false, "is_active": true, "date_joined": "2024-01-25T16:46:58.485Z", "groups": [], "user_permissions": []}}, {"model": "auth.user", "pk": 26, "fields": {"password": "pbkdf2_sha256$600000$1rwi7dNtW7S7Q91zKV1Jqt$Z/PFgvVRLhTFh9mq1fU0BYULJ9mc03j7IFi7Tc4IR/M=", "last_login": "2024-02-15T21:55:08.817Z", "is_superuser": false, "username": "billy", "first_name": "", "last_name": "", "email": "billy@gmail.com", "is_staff": false, "is_active": true, "date_joined": "2024-02-15T21:55:08.578Z", "groups": [], "user_permissions": []}}, {"model": "auth.user", "pk": 27, "fields": {"password": "pbkdf2_sha256$600000$txeYuAhb1Fg9yZCYcwf2Lb$HKtKjVrxKpMd1iqI8vFbF8oTo+Wcwyoz6kF48gI9Iow=", "last_login": "2024-03-07T22:05:20.493Z", "is_superuser": false, "username": "simas", "first_name": "", "last_name": "", "email": "sjakubenas@gmail.com", "is_staff": false, "is_active": true, "date_joined": "2024-03-07T22:05:20.274Z", "groups": [], "user_permissions": []}}, {"model": "auth.user", "pk": 28, "fields": {"password": "pbkdf2_sha256$600000$tND2Ny2CehgeCTLPuWdAEh$wG3SI7thJR8fkrp/mwxp7hxeFZhITYMDHf9YxyVSuf4=", "last_login": "2024-03-24T14:28:07.236Z", "is_superuser": false, "username": "deemac1", "first_name": "", "last_name": "", "email": "diddy@gmail.com", "is_staff": false, "is_active": true, "date_joined": "2024-03-24T14:28:07.007Z", "groups": [], "user_permissions": []}}, {"model": "auth.user", "pk": 29, "fields": {"password": "pbkdf2_sha256$600000$ZQfAVDPUaj8BqL7M2eIyBQ$C0aacf+FtiPcc/5DkSs4RjnInG8uNfqAKopPyqYgSzw=", "last_login": "2024-04-03T22:12:50.331Z", "is_superuser": false, "username": "Sam", "first_name": "", "last_name": "", "email": "", "is_staff": false, "is_active": true, "date_joined": "2024-04-03T22:12:50.106Z", "groups": [], "user_permissions": []}}, {"model": "auth.user", "pk": 30, "fields": {"password": "pbkdf2_sha256$600000$hjFf9eV9K9onaaqn1GWfTz$igOhoVHzUKzUyPqq0sg+GeazIT37RzQvQkqflrr6ux4=", "last_login": "2024-06-02T10:11:20.574Z", "is_superuser": false, "username": "johnsmith", "first_name": "", "last_name": "", "email": "", "is_staff": false, "is_active": true, "date_joined": "2024-06-02T10:10:56.961Z", "groups": [], "user_permissions": []}}, {"model": "auth.user", "pk": 31, "fields": {"password": "pbkdf2_sha256$600000$5N4PSVLdokljitz22x9DcM$c+h2pu3UdDj23q4BmnLtEwfmqw2EVic5C2KSnp66MSA=", "last_login": "2024-08-04T07:02:41.953Z", "is_superuser": true, "username": "admin2", "first_name": "", "last_name": "", "email": "deirdremc1968@gmail.com", "is_staff": true, "is_active": true, "date_joined": "2024-08-04T07:02:15.635Z", "groups": [], "user_permissions": []}}, {"model": "contenttypes.contenttype", "pk": 1, "fields": {"app_label": "admin", "model": "logentry"}}, {"model": "contenttypes.contenttype", "pk": 2, "fields": {"app_label": "auth", "model": "permission"}}, {"model": "contenttypes.contenttype", "pk": 3, "fields": {"app_label": "auth", "model": "group"}}, {"model": "contenttypes.contenttype", "pk": 4, "fields": {"app_label": "auth", "model": "user"}}, {"model": "contenttypes.contenttype", "pk": 5, "fields": {"app_label": "contenttypes", "model": "contenttype"}}, {"model": "contenttypes.contenttype", "pk": 6, "fields": {"app_label": "sessions", "model": "session"}}, {"model": "contenttypes.contenttype", "pk": 7, "fields": {"app_label": "fp_blog", "model": "action"}}, {"model": "contenttypes.contenttype", "pk": 8, "fields": {"app_label": "fp_blog", "model": "comment"}}, {"model": "contenttypes.contenttype", "pk": 9, "fields": {"app_label": "fp_blog", "model": "article"}}, {"model": "contenttypes.contenttype", "pk": 10, "fields": {"app_label": "django_summernote", "model": "attachment"}}, {"model": "contenttypes.contenttype", "pk": 11, "fields": {"app_label": "account", "model": "emailaddress"}}, {"model": "contenttypes.contenttype", "pk": 12, "fields": {"app_label": "account", "model": "emailconfirmation"}}, {"model": "contenttypes.contenttype", "pk": 13, "fields": {"app_label": "socialaccount", "model": "socialaccount"}}, {"model": "contenttypes.contenttype", "pk": 14, "fields": {"app_label": "socialaccount", "model": "socialapp"}}, {"model": "contenttypes.contenttype", "pk": 15, "fields": {"app_label": "socialaccount", "model": "socialtoken"}}, {"model": "contenttypes.contenttype", "pk": 16, "fields": {"app_label": "fp_personal", "model": "useraction"}}, {"model": "contenttypes.contenttype", "pk": 17, "fields": {"app_label": "fp_personal", "model": "userprofile"}}, {"model": "contenttypes.contenttype", "pk": 18, "fields": {"app_label": "fp_personal", "model": "userfavourite"}}, {"model": "contenttypes.contenttype", "pk": 19, "fields": {"app_label": "fp_personal", "model": "feedback"}}, {"model": "contenttypes.contenttype", "pk": 20, "fields": {"app_label": "taggit", "model": "tag"}}, {"model": "contenttypes.contenttype", "pk": 21, "fields": {"app_label": "taggit", "model": "taggeditem"}}, {"model": "sessions.session", "pk": "1ey8c930qm301h0wnbdkaxsw0oz3y5f3", "fields": {"session_data": ".eJxVjzsOgzAQRO_iOrLWYPyhTJ8zWMt6CU6IkcCkiXL3gEQK2nkzT5qPQKJpzSW8eU594hj4hWkUbV7H8SICrmUI68JzSFG0olLiFHZIT847iQ_M90nSlMucOrlX5EEXeZsij9ejexIMuAzb2sceOu09950zTWwYjOsZwWplInttQLMibwGBjFGxco6pBk21ttpbt0n_R3Y355IIy_YGi2iVBeW1awxIayrwdf39AeZRUSg:1rBCZE:CG6vNG3i71Zg3KtLnez9ddTNSB10y8lf6mIIYEW7T2A", "expire_date": "2023-12-21T11:29:20.763Z"}}, {"model": "sessions.session", "pk": "1mregm92mitrbxgejxyzuxn1x3iqi9qe", "fields": {"session_data": ".eJxVjMsOwiAQRf-FtSEDlMe4dO83EBhAqgaS0q6M_65NutDtPefcF_NhW6vfRl78nNiZCXb63WKgR247SPfQbp1Tb-syR74r_KCDX3vKz8vh_h3UMOq3DgqsLIggA4EmQAtqSkUKMjJnBHJZohFlIqdIWyes0VEU1KithmjY-wPB6Da_:1r0L4q:G7hIuO3MuhXE3xKQVS9qkZOX8XCmWcpGvd1utuZbn2k", "expire_date": "2023-11-21T12:21:04.375Z"}}, {"model": "sessions.session", "pk": "1zj57x4yqle7r22dnrzb0x2han7fzbfv", "fields": {"session_data": ".eJxVjk1uwyAQhe_COkJjbIzxsvucAQ0z45i2gshgqVXVu5dUWbTSW72fT-9LBTzbHs4qR0isVrWoy18vIr1JfgT8ivlWNJXcjhT1o6KfadXXwvL-8uz-A-xY975240Y-gpUI3hiJZoqjIbtwF7PHCYyxOM-jbA54YtqMd-xg2ewITNihSFTO3H7ZklsibMIBm1oHBzD3rR307AdrwPYLVWpNJQf5uKfjU63w_QNCmU2c:1r5p0R:ZyNLMs4VORVOwU8Zi02zVvA-awMwh9MIyZOcVogkLX0", "expire_date": "2023-12-06T15:19:11.693Z"}}, {"model": "sessions.session", "pk": "23ran84h7pshz3tmvee13h3no1r0675o", "fields": {"session_data": ".eJxVjMsOwiAQRf-FtSEDlMe4dO83EBhAqgaS0q6M_65NutDtPefcF_NhW6vfRl78nNiZCXb63WKgR247SPfQbp1Tb-syR74r_KCDX3vKz8vh_h3UMOq3DgqsLIggA4EmQAtqSkUKMjJnBHJZohFlIqdIWyes0VEU1KithmjY-wPB6Da_:1r4rcD:T0rtTqRj8JLoPt9ZZMca3MoebPQSUl0NAw5s1GcTjuU", "expire_date": "2023-12-03T23:54:13.483Z"}}, {"model": "sessions.session", "pk": "2fw7upbth93x5h3slaiin8ag0h6otjs9", "fields": {"session_data": ".eJxVjMsOwiAQRf-FtSEDlMe4dO83EBhAqgaS0q6M_65NutDtPefcF_NhW6vfRl78nNiZCXb63WKgR247SPfQbp1Tb-syR74r_KCDX3vKz8vh_h3UMOq3DgqsLIggA4EmQAtqSkUKMjJnBHJZohFlIqdIWyes0VEU1KithmjY-wPB6Da_:1r0Otr:nk1-Ps11NUqvFhYdCG_Op3ATYaVzDhwqokatkus5xL4", "expire_date": "2023-11-21T16:25:59.628Z"}}, {"model": "sessions.session", "pk": "3u8pryp2kr17l1e1es5gadlu8qtgb2c9", "fields": {"session_data": ".eJxVjstuwyAQRf-FdYU8YF5edp9vQMMMqWkriAyWWkX59zpVFsnmLu7j6F5FxH2sce95i4XFIrx4e_YS0leu94A_sX40Sa2OrSR5r8hH2uWpcf5-f3RfACv29ViTsfnsEPWsjQVnvNMMlkEFk8I5EbIHYz1NkFgzQbLqEJh8mi0pMAcUidpexz8711EIR-aIQyzgIKjZGQjSq-C188eFnnsvrcb8cynbr1im2x8NSU0Z:1sLmoh:AsAbCvDduVd66vkA9rVlNoRKCyIkg4weoQQIlA77B-Q", "expire_date": "2024-07-08T16:45:19.830Z"}}, {"model": "sessions.session", "pk": "41mqjaom3qn5q7zmxpuczad5p0xk3yj2", "fields": {"session_data": ".eJxVj00OwiAQhe_C2hCg0Gm7dO8ZyAAzFq00aakb491tE124fH9f8l4CY5y3Uv2TlsyZkqcH5kkMZZumk_C41dFvKy0-JzEIJ_68gPFO5QjSDct1lnEudclBHhX5TVd5mRNN52_3DzDiOu5r0oCAiZmMJa0UR1ZsGaw27JqewSgCvWtE12JwnAA6F4MO2pkudTv09-NgU6k5Yt3PYBWDbvu-gUZbJY01LbTw_gD6CVIF:1r0OaC:GPFaCryNRMS8pw1x117zl5q2dpheQN4RZGomBg6IG9k", "expire_date": "2023-11-21T16:05:40.245Z"}}, {"model": "sessions.session", "pk": "4cc0fhgmnmb0in7od4fo7geetpn08agd", "fields": {"session_data": ".eJxVjMsOwiAQRf-FtSGAPF267zeQGRikaiAp7cr479qkC93ec859sQjbWuM2aIlzZhcm2el3Q0gPajvId2i3zlNv6zIj3xV-0MGnnul5Pdy_gwqjfuvkcvEYcrDeByhghTZnsjqBo4K-kBCYpHForKFSJBiNCrTxOqukKLD3BwXpOKc:1rxNcZ:uhtaXUwMjXMX4qHffKqHzk3dXb92W6tNT3FfCvm9WWM", "expire_date": "2024-05-02T08:59:55.196Z"}}, {"model": "sessions.session", "pk": "4ctdnww2fwn8jy17vqid9ow4vcvf1h5k", "fields": {"session_data": ".eJxVjzsOgzAQRO_iOrJswD_K9DmDtXjXwQkxEpg0Ue4eI5GCdubNk-bDIIR5y8W_aUkxEXp6QZpYn7dpujAPWxn9ttLiE7KeNS07hQOEJ-W9wQfk-8zDnMuSBr4j_GhXfpuRpuvBngQjrGNdR7RkOg0WQWuIrhXWSHJSD0KaDpVC41AEKVU0GEKjnYXWVca6zqCSVfo_srsplxSg1DdQWC-NUMqottHcaWG1td8f2FtREw:1rQQ3S:Vdlcp6LV9BlW-onflZ42mCg7bXFiSA9hGA223YKYczE", "expire_date": "2024-02-01T10:55:26.962Z"}}, {"model": "sessions.session", "pk": "56e6eyeckl0vz4ez4ly5tbfc19e4r4i9", "fields": {"session_data": ".eJxVjMsOwiAQRf-FtSGAPF267zeQGRikaiAp7cr479qkC93ec859sQjbWuM2aIlzZhcm2el3Q0gPajvId2i3zlNv6zIj3xV-0MGnnul5Pdy_gwqjfuvkcvEYcrDeByhghTZnsjqBo4K-kBCYpHForKFSJBiNCrTxOqukKLD3BwXpOKc:1rKQ14:5l-bSAiUO0Qo7rZKJYHkVUFpTOSIaArRH4Zvw8iohV8", "expire_date": "2024-01-15T21:40:10.709Z"}}, {"model": "sessions.session", "pk": "5s5vgy8n6univw9lqpbchiy0g37c8e0b", "fields": {"session_data": ".eJxVjsGOwiAURf-FtSE8-yi0S_fzDeQVHpYZA5NCE43x322NC92ee3Jy78LR2ma3Vl5cCmIUR3H4ZBP5P877EH4pn4v0JbclTXJX5Hut8qcEvpze7ldgpjrvWYwYo0UIIbI1gNwza1Jgoke0Xa-ssjD5zkJnLKI2PaGGoMOEaoNblLwva26vNueWPDUOjpoYwSjVqcEYLQfA4wD9dqFyralkx9f_tNzEqB5P2jtMWg:1r4KFD:I_el5u1kDjoT4XQ_zCd0DdW8Oj_5e2ZuF5ei7y574bo", "expire_date": "2023-12-02T12:16:15.916Z"}}, {"model": "sessions.session", "pk": "5xkj0zylbeszk9jnivlktfv8rsikkcn8", "fields": {"session_data": ".eJxVj8EOgyAQRP-Fc0NckBU89t5vILisldZiothL03-vJvbgdd7MZOYjAtG05uLfPKc-cfT8CmkUbV7H8SJ8WMvg14Vnn6JoBThxErtAT847iY-Q75OkKZc5dXK3yIMu8jZFHq-H91QwhGXY0ggMndHKaVtBXzuwfYXU1Aa1UdtEtE0dqeYGIgHoaOxGokKyvWOr91X_I3s355IolO1NKKKFpqqMVdY4iegQlfn-AJp-UKc:1r5THn:o0fxcqmNQRDNwKAq01q_Xt8nhW5IG2u5ROMHu_cVxQA", "expire_date": "2023-12-05T16:07:39.670Z"}}, {"model": "sessions.session", "pk": "88kwzptq6p9i8o8thdx7cmyl10eq3uz3", "fields": {"session_data": ".eJxVjstuwyAQRf-FdYXADK8su883oDEMNUkFkcFSqyj_HjvKot2ee3R07yzgNpawdVpDSezEJvbxl80Yr1SPIV2wfjUeWx1rmfmh8Pfa-bkl-v58u_8CC_blyEKGnB3IlDI5K4EMkUYhbY4AThnhhJNzVE4q6wC0NQhaJp1mEDvcoxhj2-p4tamOEnFQCjjYSRrvtbRaKa6nyXq_P-jUe2k10M-trL-7MwlvhHg8AV8_TWg:1r1097:9am8Kp3SGZoNb_fU2bBvWoxnfiCOL8fBrddZ2qhLr4c", "expire_date": "2023-11-23T08:12:13.524Z"}}, {"model": "sessions.session", "pk": "aw16rl0oedkr8i82dqwyfe0hs3qljdb8", "fields": {"session_data": ".eJxVjk1uwyAQhe_COkLjwRjjZfc5AxqYcUxbQWSw1Krq3etUWbTSW72fT-9LBTr6Fo4me8isFjWry18vUnqT8gj4lcqt6lRL33PUj4p-pk1fK8v7y7P7D7BR2861M2vyEaxE8IgScYwGk535FLOnERAtTZOR1QGPnFb0jh3MqzXAiU4opVSP0n_ZUnpO1IUDdbUMDsChRzPoYRq99XheaNJariXIxz3vn2qB7x9C402h:1r65Md:tNv-Yp17Kzlv3jEf3RnLMchrLo_dXNpdz25ex3aXk7M", "expire_date": "2023-12-07T08:47:11.166Z"}}, {"model": "sessions.session", "pk": "b3ll7y3qfxi9htd5e1w5npa447jcjudx", "fields": {"session_data": ".eJxVjkEOwiAURO_C2hCBtkCX7j0D-Xw-FjVgCk00xrvbGhe6nTfzMk_mYGmTWyrNLgU2MiXY7jf0gBfKGwlnyKfCseQ2J8-3Cv_Syo8l0PXw7f4JJqjTugboKcZBIZHvfNTGA2gtvRG2H7wSQBYJMURhSKGKKC2Qib0nC6aTsEoBsSy5fdyUW0JoFBw0Ngotpe47OwhutTGqG9YLlWpNJTu639L8YOP-9QYuak-g:1saVNv:ArH2xF8lKR_6bty2l0Z3oKJRGveu5iNKVKkSV6F2zag", "expire_date": "2024-08-18T07:10:31.626Z"}}, {"model": "sessions.session", "pk": "c2ewwya7q7j9425lf3l4ooge3bwzafq5", "fields": {"session_data": ".eJxVj8sOwiAURP-FtSG8WqBL934DuVxuLVpp0lI3xn-XJrpwOzPnJPNigLjspYYnrXnMlAI9IM9sKPs8n1iAvU5h32gNObGBKcX-wgh4p3I06QblunBcSl1z5MeEf9uNX5ZE8_m7_RNMsE2Npl5GLyVorxHBdtGD86ic18IJNaqkojH9aD0K0VuTovSpM05FGrVvcJP-jhxuKjUj1PYGKhukFUaaThjDm01b5d4fyxNRCw:1rKPyO:laQrpNfEtqaygx0PrGd3fPlC-KR4F0tndw1jXIpRhhg", "expire_date": "2024-01-15T21:37:24.081Z"}}, {"model": "sessions.session", "pk": "e44r0aqf10y5u33z4n413ohzvh3uzdv5", "fields": {"session_data": ".eJxVjsFuwyAQRP-Fc4RYzAL2sfd-A9osENNWUBkstYry73WqHJLrvJmnuYpA-1jD3tMWShSLAHF6zs7En6neQfygemmSWx1bOct7RT5ol-8tpq-3R_dFsFJfj_WUnbZ69oojZWssg0YEIA_eO3DZzNF6BBNZI_lsnbWzYpV0ZpzAmkNKzG2v49-d6ihMI8VAQyzgtHaIBieJqCanjwc99V5aDennu2y_YlG3P1cgS8w:1saVOH:j4Xc3jIzRhhz6p8iyHMhbe7jhwmQJ7pzPB4kG8Swum8", "expire_date": "2024-08-18T07:10:53.551Z"}}, {"model": "sessions.session", "pk": "edppo6bmr3yio7w51tcr6d8b2phadhun", "fields": {"session_data": ".eJxVjsFuwyAQRP-Fc4VYG0PxMfd-A1qWpSaJIDJYahTl32NXObTXeTNP8xAet774rfHqcxSzGJT4-BsGpAuXg8Qzlu8qqZa-5iCPinzTJr9q5Ovp3f0nWLAtx3oyKoFxQfMEyUYaknaWFEwu2KRJG-eiZWQbTAKl2ZgRPiOOwEg73qVIVLfSf91ceibsHD12MYOFEdwwgJZm0grG_UHj1nItnn9ueb2LWT1fFIBNbA:1rwNYU:SE-e1NGUCpNrRzmvRwHiRomxo-uuat7BTv_hkTXZV-w", "expire_date": "2024-04-29T14:43:34.655Z"}}, {"model": "sessions.session", "pk": "fz1lduz8ky6cjj7d6rrsnjudy7bzbtvu", "fields": {"session_data": ".eJxVj8EOgyAQRP-Fc0NYREGPvfcbyLosldZiothL03-vJvbgdWbeS-YjkGhac_FvnlNMHDy_MI2iy-s4XoTHtQx-XXj2KYhOaCdOYY_05Lw34YH5PkmacplTL_eJPNpF3qbA4_XYngQDLsNGR4yNVtoStbrSBLUBjoGRANqmtUjYOMBeU3S2VcYYBBtrp5SqLfRQbdL_kd3NuSTCsr3BIjqwAHqjnJXaqMaZ6vsD6wxRKg:1roOpT:6sn8Gdho_UbE9bddokAS98D8OcwrqFCcL-H4jrxLGF4", "expire_date": "2024-04-07T14:28:07.241Z"}}, {"model": "sessions.session", "pk": "gkc31061kio77zpm10i8h5955dya2llj", "fields": {"session_data": ".eJxVj80OgjAQhN-lZ9Nsf6CUo3efodl2F6liSaB4Mb67kOjB63wzXzIvgSnNW6nhyUseMlPgB-ZJ9GWbppMIuNUxbCsvIZPohW7FXxgx3bkchG5YrrNMc6lLjvKoyC9d5WUmns7f7p9gxHXc18o11jXGR1AAEK2NmrxHw6iGlpNz0bbeGvKOdBocNjxQMl4RMDXa2F36O3K4udScsO5vsIpeOejAWAWd7LRVBsz7A9FVUV0:1rajhE:7Gq1Uu0RuzhT2Z05_cSXfFsIXQCN9_UcH5DxhHTOPRQ", "expire_date": "2024-02-29T21:55:08.825Z"}}, {"model": "sessions.session", "pk": "nj1t18gfgdq0xgeflnhgbuijhhttsa7i", "fields": {"session_data": ".eJxVjssKwjAQRf8lawl5tU27dO83hOnM1EYlkSYFRfx3q7jQ1YX7ONyHCLDWOayFlxBJDMKL3a83Ap45vQM6QTpmiTnVJY7yXZHftMhDJr7sv90_wAxl3tYGyXDrtcZeNY6nziMjkvV2VADGub5xyB7A0giGnKVpU6210h49dRsUEPOa6ofNqUaEyhSgikF3SjljGtPKzhrV2ma7ULiUmFPg2zUudzGo5wtjkk3c:1r4nZm:OLWOianNsWTJbjB--DP-mtNqBIyJWLuDmEi4braLqVg", "expire_date": "2023-12-03T19:35:26.734Z"}}, {"model": "sessions.session", "pk": "oa58gw4mi3rrq7bek9ujkaagu8a4b89s", "fields": {"session_data": ".eJxVj7FuxCAQRP-FOkJrwGBcpr9vQMuyxCQOlmx8TZR_P1vyFW7nzTxp_gQSLXtt4clryYVT4F8ssxjrPs8fIuDeprBvvIaSxCiUF7cwIv1wPUn6xvq1SFpqW0uUZ0VedJOPJfH8eXVvggm36Vh7k5nBa8g6RkvOJOhtttl3oIzDXitmA-wGZ8BEhxnQas6JfE-YIx3S95HTzbUVwna8wSbGznWqG5R2ILX21oP6fwETdFIv:1rs8qg:tzjK3HpMuW3AIBnOAbE74ujuqnHfP9ziWSwOR1DeDsg", "expire_date": "2024-04-17T22:12:50.340Z"}}, {"model": "sessions.session", "pk": "pglwk73qeuq29k1qleg2clcgnq16affg", "fields": {"session_data": ".eJxVj70OgyAUhd-FuSGAyhXH7n0GcrlApbWQKHZp-u7VxA4uZzg_X3I-DInKmqt9hznFFLwNL0wTG_I6TRdmca2jXZcw2-TZwBp28hzSM-Q98A_M98Kp5Donx_cKP9KF34oP0_XongAjLuO27qJRsfGk0XjlSPWy99C4AA5IdAKiNgYdketiS62UWmjaNPbGo0Z0G_T_Y2eHXBNh3c5gZYPUpgcQUjccNIAS6vsD-QpSNQ:1qxril:Obd_55lfC_ZWJ_gL8A-I1Y8xaMISI3qQKMwnrhpvViQ", "expire_date": "2023-11-14T16:36:03.769Z"}}, {"model": "sessions.session", "pk": "q9x123qwh54qyjbleoizzjmtnxwrd9yw", "fields": {"session_data": ".eJxVjk1uwyAQhe_CukITbMB42X3OgIaZcU1bQWSw1CrK3etUWSTSW72fT--qIu59jXuTLWZWs5rU27OXkL6k3AP-xPJRNdXSt5z0vaIfadPnyvL9_ui-AFZs67H2w0IhgZUEwRhJZkyDITvxIeaAIxhj0blBFg88Mi0mePYwLXYAJjygSFT30v_ZUnom7MIRu5pPHsCaEJzT3oeTc8eDJq3lWqL8XPL2q2a4_QH6oU1-:1r5FWg:Vee936ZhBzj-njJILzxKairlHPkTadwUTjWlNIzDASw", "expire_date": "2023-12-05T01:26:06.779Z"}}, {"model": "sessions.session", "pk": "rni9jznpl4gitrmnjkfd0iwqjue8si2e", "fields": {"session_data": ".eJxVjstuwyAURP-FdYXA4ell9vkGdLlcapIIIoOlVlH-vXaVRbudM3M0TxZgG0vYOq2hJDYzyT7-ZhHwRvUA6Qr1s3Fsdawl8qPC37TzS0t0P7-7_wQL9GVfo03ZRZ-8cc5DBiOUPpFRCJZydJmEiCi1jdpoylmCVnECpZ1KE07kdykgtq2OXzfVURAGpQCDzdIK64xUk-PKe6_dab_QqffSaqCvR1m_2SxeP3rSTio:1ra0m4:3UEcntvSZYAysBsaC5i5MxeWvwYv3EDRE-l3ML7DeyE", "expire_date": "2024-02-27T21:57:08.501Z"}}, {"model": "sessions.session", "pk": "s48nkmil4qxra4gfuln88e2vxe5m7954", "fields": {"session_data": ".eJxVjsFuwyAQRP-Fc4SwMV7wMfd-A1qWJSaJoDJYahXl3-tUObTXeTNP8xAe9776vfHmcxSL0Eqc_oYB6cblReIVy6VKqqVvOchXRb5pkx818v387v4TrNjWYw3JMipA0DA7IE3GBKZJgVHjGOwUkk1pDolGQ8YlmpxTFlIMw0AWYzikSFT30n_dXHom7Bw9drEMMIAetbJKGnB6Og40bi3X4vnrM2_fYlHPH-wVTa8:1sDiBM:2BK18Wy1sLqS9m2ql9kKX9PHoKjDDfavIUHQzng8AoA", "expire_date": "2024-06-16T10:11:20.580Z"}}, {"model": "sessions.session", "pk": "t3va43mr40h1k79br9qo2jsvhs00tkqc", "fields": {"session_data": ".eJxVjk1uwyAQhe_COkIeEwbwsvucAQ0zJKatIDJYalX17nWqLNrNW7yfT-9LRdrHGveet1hELcqr018vEb_l-gjkleqtaW51bCXpR0U_064vTfL7y7P7D7BSX481W8xXR2TOxiI4650RQIE52BSuiUk8WPQ8QRIjDAnnQ2Dy6Yw8gz2gxNz2On7ZuY7CNLJEGmoBByEAOgCN1iAEc1zouffSaswf97J9qmX6_gEL4k0K:1sOau7:Asi8qJ-HaAyFjXbNn-2Z92rwcIVjpTriIu-Qux4MyCg", "expire_date": "2024-07-16T10:38:31.654Z"}}, {"model": "sessions.session", "pk": "xyamm0oaggnwda134vvd570gmin2susg", "fields": {"session_data": ".eJxVjMsOwiAQRf-FtSFMy0Ncuu83NAMzSNVAUtqV8d-VpAvd3nPOfYkZ9y3Pe-N1XkhcxKDE6XcMGB9cOqE7lluVsZZtXYLsijxok1Mlfl4P9-8gY8u9NlYlsD5oNpAcxSFp76IC44NLOmrrPTlGdsEmUJqtHeFMOAJj_GLx_gAHzzhC:1s9wEZ:pmi2eDQ2cvVHOi_56hpX2UVxlmop2IXtf9qLeixwLFQ", "expire_date": "2024-06-06T00:23:03.442Z"}}, {"model": "sessions.session", "pk": "yudjba9y7zx543gu2y0dwlr5pak6hxsp", "fields": {"session_data": ".eJxVj8EOwiAQRP-FsyEUWuj26N1vIAu7WLTSpKVejP9um-jB67yZl8xLYIzzVqp_8pJTZvL8wDyJoWzTdBIetzr6beXFZxKD0E78hQHjnctB6IblOss4l7rkII-K_NJVXmbi6fzt_glGXMd9bQ1RMEwGIlinTKIedIc67oFqSemmQ5v66LQDCgFN1xvVGKPBcnIp7NLfkcPNpeaIdX-DVQyNU9C30GglWwClOvv-APCNUX0:1riLrc:qH4tp1Ri4voypUQh1aNGtMZWpPH8fdBQ-ucgrMrB4eI", "expire_date": "2024-03-21T22:05:20.500Z"}}, {"model": "sessions.session", "pk": "zrm0860y1qezxywhj81k13ooq4q321ty", "fields": {"session_data": ".eJxVjs1OBCEQhN-FsyEw0vzM0bvPQJqmcVADm4FJ3Gx8d2fNHvRaX9WXuomIx9ziMXiPNYtVaPH0N0tIH9zuIL9je-uSept7TfJekQ865GvP_Pny6P4TbDi2c00uF59CDtb7gAWtMvDM1hA6LskXViqRBpfAApeiEUxa0IA3eaGFwylFon60-evmNivh5BxxilU7BeBAuyDBaoAFzguDx6i9Rf661P0qVvX9A3lZThs:1rQQ15:l8V1tl-heNPwVWdpjd1hysxRSSRjbegIAjaiHhxf1wg", "expire_date": "2024-02-01T10:52:59.562Z"}}, {"model": "django_summernote.attachment", "pk": 1, "fields": {"name": "Online Management of Irish and UK Pension Entitlements.png", "file": "media/django-summernote/2023-11-21/d06a6404-23de-496c-b25f-270f46931c89_dmhwq4", "uploaded": "2023-11-21T10:56:40.927Z"}}, {"model": "django_summernote.attachment", "pk": 2, "fields": {"name": "personal-finance-aspects-wealthzi.jpg", "file": "media/django-summernote/2023-11-22/8492f73e-9402-4ea0-b49a-9f08c02e74db_krye6j", "uploaded": "2023-11-22T10:56:43.919Z"}}, {"model": "django_summernote.attachment", "pk": 3, "fields": {"name": "130626 Caravan with porch awning  (6).JPG", "file": "media/django-summernote/2023-11-28/8cfbdfec-d69b-4f8d-9bb2-fe2be2e42f22_jjhs8t", "uploaded": "2023-11-28T21:02:10.926Z"}}, {"model": "django_summernote.attachment", "pk": 4, "fields": {"name": "personal-finance-aspects-wealthzi.jpg", "file": "media/django-summernote/2023-11-28/64eef25a-c39f-43c2-87d2-9bf313446db3_pasjtc", "uploaded": "2023-11-28T21:04:54.701Z"}}, {"model": "django_summernote.attachment", "pk": 5, "fields": {"name": "Tasks button.png", "file": "media/django-summernote/2023-11-29/194aae32-06ac-406b-b732-dd95f19fb4a8_fhiapq", "uploaded": "2023-11-29T21:24:49.783Z"}}, {"model": "django_summernote.attachment", "pk": 6, "fields": {"name": "Tasks button-resized.png", "file": "media/django-summernote/2023-11-29/2bea0b0f-4504-4f72-bae0-4a86ea9c1f20_v5uikw", "uploaded": "2023-11-29T22:42:42.377Z"}}, {"model": "django_summernote.attachment", "pk": 7, "fields": {"name": "Responses button.png", "file": "media/django-summernote/2023-11-30/9bd8a7e3-1549-431f-9c61-50d56f75b2ab_wjoo9o", "uploaded": "2023-11-30T08:58:42.131Z"}}, {"model": "django_summernote.attachment", "pk": 8, "fields": {"name": "Tasks button.png", "file": "media/django-summernote/2023-11-30/0cf12cd0-682f-42ba-835e-edfa795e827b_ndvaak", "uploaded": "2023-11-30T09:04:02.398Z"}}, {"model": "django_summernote.attachment", "pk": 9, "fields": {"name": "personal-finance-small.png", "file": "media/django-summernote/2023-11-30/3853d698-8e18-46de-8181-658e116e84f4_gkwcrz", "uploaded": "2023-11-30T09:57:27.458Z"}}, {"model": "django_summernote.attachment", "pk": 10, "fields": {"name": "personal-finance-small.png", "file": "media/django-summernote/2023-11-30/a99e7613-1dd0-469d-8cdd-3b8b97beff56_bugqne", "uploaded": "2023-11-30T09:58:35.987Z"}}, {"model": "django_summernote.attachment", "pk": 11, "fields": {"name": "Tasks button.png", "file": "media/django-summernote/2023-11-30/e6b3edd6-cc21-42e4-a853-9d921f5d2572_d90i6i", "uploaded": "2023-11-30T10:15:46.173Z"}}, {"model": "fp_blog.article", "pk": 3, "fields": {"title": "Mortgages from Credit Unions", "slug": "mortgages-from-credit-unions", "author": 2, "content": "<div class=\"FP-content\" style=\"background-color: rgb(209, 231, 221);\"><p><span style=\"font-family: Arial; font-size: 18px;\">During 2023, credit unions have started to extend ther reach into provision of mortgages.&nbsp; This is good news for customers, as it means a cohort of people who would not have readily been able to access mortgage and lending services, now have this access in a way that could be considered more accessible than the high-street banks.</span></p><p><span style=\"font-family: Arial; font-size: 18px;\">Not all credit unions offer mortgages, follow this link to open a new window with a&nbsp;</span><span style=\"background-color: rgb(209, 231, 221); \r\nfont-family: Arial; font-size: 18px;\"><a href=\"https://www.creditunion.ie/what-we-offer/mortgages/\" target=\"_blank\">list of credit unions which offer mortgages, by county</a></span><a href=\"https://www.creditunion.ie/what-we-offer/mortgages/\" target=\"_blank\"><span style=\"font-family: Arial; font-size: 18px;\">&nbsp;.</span></a></p><p><span style=\"font-family: Arial; font-size: 18px;\">To find your closest credit union follow</span><a href=\"https://www.creditunion.ie/credit-union-locator/\" target=\"_blank\"><span style=\"font-family: Arial; font-size: 18px;\"> this link.</span></a></p><p><span style=\"font-family: Arial; font-size: 18px;\">Note that many credit unions are currently restricted to customers within a geographic catchment area&nbsp; determined basd on where the customer lives, or where the customer works.&nbsp; Find out more about </span><a href=\"https://www.creditunion.ie/about-credit-unions/joining-a-credit-union/\" target=\"_blank\"><span style=\"font-family: Arial; font-size: 18px;\">becoming a member here.</span></a></p><p><br></p><p>&nbsp; <span style=\"color: rgb(186, 0, 0); font-family: -apple-system, BlinkMacSystemFont, &quot;Segoe UI&quot;, system-ui, Roboto, &quot;Helvetica Neue&quot;, Arial, sans-serif, &quot;Apple Color Emoji&quot;, &quot;Segoe UI Emoji&quot;, &quot;Segoe UI Symbol&quot;, &quot;Noto Color Emoji&quot;; font-size: 13px; font-weight: 700;\">#Purchase a Property</span></p><p><br></p></div>", "featured_image": "image/upload/v1698159017/cfguwa5txiy1iihmvfwc.jpg", "excerpt": "-- News :  MORTGAGES now availlable from certain credit unions!! --", "created_on": "2023-10-23T21:33:28.199Z", "updated_on": "2023-10-23T21:33:28Z", "status": 1, "likes": [], "favourites": [2, 1]}}, {"model": "fp_blog.article", "pk": 4, "fields": {"title": "Education-Dependents", "slug": "education-dependents", "author": 1, "content": "<p><span style=\"font-size: 18px; font-family: Arial;\">The early years are so expensive as you try to juggle home, work, creche, childminders.&nbsp; Then maybe a little lull as they progress from primary school to secondary, and the costs of child minding decrease.&nbsp; Boy oh boy does it come back to bite when they approach college age....!&nbsp; If your child wants to attend 3rd level this will often involve supporting them to live away from home, meeting college costs, .....</span><br></p><p><br></p><p>Things to consider like student grant</p><p>If Jimmy Joe is moving out of home to live elsewhere would you consider renting out his/her room under the rent-a-room scheme?</p><p>Are there any family or friends that he could stay with under a more flexible arrangement when living away from home</p><p><br></p><p>If you are fortunate enough to live close to a thrid level institution of choice, what next???</p><p><br></p><p>What does the student grant cover?</p><p><br></p><p>How can you plan for the student grant??? (ie by reucing your assessable earnings in the tax year prior to offspring attending college)</p><p>&nbsp;</p>", "featured_image": "image/upload/v1698158894/ga9kmwf4f6nut0e3qzdl.jpg", "excerpt": "What are the costs involved in educating my child?", "created_on": "2023-10-23T21:35:47.031Z", "updated_on": "2023-10-23T21:35:47Z", "status": 1, "likes": [], "favourites": [2, 1]}}, {"model": "fp_blog.article", "pk": 5, "fields": {"title": "Cost of Care in Later Life", "slug": "cost-of-care-in-later-life", "author": 1, "content": "<p><span style=\"font-family: Arial; font-size: 18px;\">If you find that you (or your life partner) need to access a nursing home on a medium/long term basis and you are paying for private care, then you should look at the&nbsp;</span><span style=\"font-weight: 700; font-family: Arial; font-size: 18px;\">fair deal&nbsp;</span><span style=\"font-family: Arial; font-size: 18px;\">scheme</span></p><p><span style=\"font-family: Arial; font-size: 18px;\">Find out more information at the&nbsp;</span><a href=\"https://www.citizensinformation.ie/en/health/health-services/health-services-for-older-people/fair-deal-scheme/\" target=\"_blank\" style=\"background-color: rgb(255, 255, 255);\"><span style=\"font-family: Arial; font-size: 18px;\">citizens information website</span></a></p>", "featured_image": "image/upload/v1698158861/o7dyhrwef3igsjszhfzt.jpg", "excerpt": "Fair Deal scheme in Ireland\r\nAlternative options such as domestic care, home help scheme are also available", "created_on": "2023-10-23T21:38:20.473Z", "updated_on": "2023-10-23T21:38:20Z", "status": 1, "likes": [5, 1, 20], "favourites": [2, 4, 6, 1, 18, 20]}}, {"model": "fp_blog.article", "pk": 6, "fields": {"title": "Education-Self", "slug": "education-self", "author": 1, "content": "<p><span style=\"font-family: Arial; font-size: 18px;\">There are a number of ways of funding education if you wish to undertake it.</span></p><p><span style=\"font-family: Arial; font-size: 18px;\">You can choose between self-development courses/programmes which do not lead to a professional qualification or programmes which lead to an accredited qualification</span></p><p><span style=\"font-family: Arial; font-size: 18px;\">For an overview of education in ireland try&nbsp;</span><a href=\"https://www.citizensinformation.ie/en/education/the-irish-education-system/overview-of-the-irish-education-system/\" target=\"_blank\"><span style=\"font-family: Arial; font-size: 18px;\">this link:</span></a></p><p><br></p><p><br></p><p><br></p>", "featured_image": "image/upload/v1698158824/i2s6g8vahcrd9bavd6b1.jpg", "excerpt": "", "created_on": "2023-10-23T21:42:00.795Z", "updated_on": "2023-10-23T21:42:00Z", "status": 1, "likes": [2, 4, 1], "favourites": [2, 4, 1]}}, {"model": "fp_blog.article", "pk": 8, "fields": {"title": "Fair Deal Scheme", "slug": "fair-deal-scheme", "author": 1, "content": "<p style=\"margin-bottom: 1rem; color: rgb(33, 37, 41); font-family: system-ui, -apple-system, &quot;Segoe UI&quot;, Roboto, &quot;Helvetica Neue&quot;, Arial, &quot;Noto Sans&quot;, &quot;Liberation Sans&quot;, sans-serif, &quot;Apple Color Emoji&quot;, &quot;Segoe UI Emoji&quot;, &quot;Segoe UI Symbol&quot;, &quot;Noto Color Emoji&quot;; font-size: 16px; background-color: rgb(249, 250, 252);\"><span style=\"font-family: Arial; font-size: 18px;\">If you find that you (or your life partner) need to access a nursing home on a medium/long term basis and you are paying for private care, then you should look at the&nbsp;</span><span style=\"font-weight: bolder; font-family: Arial; font-size: 18px;\">fair deal&nbsp;</span><span style=\"font-family: Arial; font-size: 18px;\">scheme</span></p><p style=\"margin-bottom: 1rem; color: rgb(33, 37, 41); font-family: system-ui, -apple-system, &quot;Segoe UI&quot;, Roboto, &quot;Helvetica Neue&quot;, Arial, &quot;Noto Sans&quot;, &quot;Liberation Sans&quot;, sans-serif, &quot;Apple Color Emoji&quot;, &quot;Segoe UI Emoji&quot;, &quot;Segoe UI Symbol&quot;, &quot;Noto Color Emoji&quot;; font-size: 16px; background-color: rgb(249, 250, 252);\"><br></p><p style=\"margin-bottom: 1rem; color: rgb(33, 37, 41); font-family: system-ui, -apple-system, &quot;Segoe UI&quot;, Roboto, &quot;Helvetica Neue&quot;, Arial, &quot;Noto Sans&quot;, &quot;Liberation Sans&quot;, sans-serif, &quot;Apple Color Emoji&quot;, &quot;Segoe UI Emoji&quot;, &quot;Segoe UI Symbol&quot;, &quot;Noto Color Emoji&quot;; font-size: 16px; background-color: rgb(249, 250, 252);\"><a href=\"https://www.citizensinformation.ie/en/health/health-services/health-services-for-older-people/fair-deal-scheme/\" target=\"_blank\" style=\"color: rgb(13, 110, 253); text-decoration-line: underline;\">About</a></p>", "featured_image": "image/upload/v1699898025/m6wozrs0tuq3vg1ncqat.jpg", "excerpt": "", "created_on": "2023-11-13T17:53:45.591Z", "updated_on": "2023-11-13T17:53:45Z", "status": 1, "likes": [1], "favourites": [1]}}, {"model": "fp_blog.article", "pk": 9, "fields": {"title": "Combining UK and ROI State Pensions", "slug": "combining-uk-and-roi-state--pensions", "author": 1, "content": "<div class=\"FP-content\" style=\"background-color: rgb(209, 231, 221);<h1 style=\" margin-bottom:=\"\" 1rem;=\"\" color:=\"\" rgb(33,=\"\" 37,=\"\" 41);=\"\" font-family:=\"\" system-ui,=\"\" -apple-system,=\"\" &quot;segoe=\"\" ui&quot;,=\"\" roboto,=\"\" &quot;helvetica=\"\" neue&quot;,=\"\" arial,=\"\" &quot;noto=\"\" sans&quot;,=\"\" &quot;liberation=\"\" sans-serif,=\"\" &quot;apple=\"\" color=\"\" emoji&quot;,=\"\" ui=\"\" symbol&quot;,=\"\" emoji&quot;;=\"\" font-size:=\"\" 16px;=\"\" background-color:=\"\" rgb(249,=\"\" 250,=\"\" 252);\"=\"\"><br><table class=\"table table-bordered\"><tbody><tr><td><p><img src=\"https://res.cloudinary.com/dug4kfxpn/image/upload/v1/media/django-summernote/2023-11-21/d06a6404-23de-496c-b25f-270f46931c89_dmhwq4\" style=\"width: 100%;\"><br></p></td>\r\n<td><h1 class=\"\" style=\"font-size: 16px; margin-bottom: 1rem; font-family: system-ui, -apple-system, &quot;Segoe UI&quot;, Roboto, &quot;Helvetica Neue&quot;, Arial, &quot;Noto Sans&quot;, &quot;Liberation Sans&quot;, sans-serif, &quot;Apple Color Emoji&quot;, &quot;Segoe UI Emoji&quot;, &quot;Segoe UI Symbol&quot;, &quot;Noto Color Emoji&quot;; color: rgb(33, 37, 41); background-color: rgb(209, 231, 221);\">Yes, really!</h1><p style=\"margin-bottom: 1rem; color: rgb(33, 37, 41); font-family: system-ui, -apple-system, &quot;Segoe UI&quot;, Roboto, &quot;Helvetica Neue&quot;, Arial, &quot;Noto Sans&quot;, &quot;Liberation Sans&quot;, sans-serif, &quot;Apple Color Emoji&quot;, &quot;Segoe UI Emoji&quot;, &quot;Segoe UI Symbol&quot;, &quot;Noto Color Emoji&quot;; font-size: 16px; background-color: rgb(209, 231, 221);\"><span style=\"font-family: Arial; font-size: 18px;\">Its possible to claim a pension if you worked in the UK as well as Ireland. This pension is paid <b>in addition to </b>any Republic of Ireland state pension. </span></p><p style=\"margin-bottom: 1rem; color: rgb(33, 37, 41); font-family: system-ui, -apple-system, &quot;Segoe UI&quot;, Roboto, &quot;Helvetica Neue&quot;, Arial, &quot;Noto Sans&quot;, &quot;Liberation Sans&quot;, sans-serif, &quot;Apple Color Emoji&quot;, &quot;Segoe UI Emoji&quot;, &quot;Segoe UI Symbol&quot;, &quot;Noto Color Emoji&quot;; font-size: 16px; background-color: rgb(209, 231, 221);\"><span style=\"font-family: Arial; font-size: 18px;\">It may be posssible to backdate National Insurance (UK) or PRSI (ROI) contributions to make up for missed contribution (tax-paying) years in each country.</span></p><p style=\"margin-bottom: 1rem; color: rgb(33, 37, 41); font-family: system-ui, -apple-system, &quot;Segoe UI&quot;, Roboto, &quot;Helvetica Neue&quot;, Arial, &quot;Noto Sans&quot;, &quot;Liberation Sans&quot;, sans-serif, &quot;Apple Color Emoji&quot;, &quot;Segoe UI Emoji&quot;, &quot;Segoe UI Symbol&quot;, &quot;Noto Color Emoji&quot;; font-size: 16px; background-color: rgb(209, 231, 221);\"><span style=\"font-family: Arial; font-size: 18px;\">If you worked in the UK for a number of years, then it's worth checking to see if you might be eligible.</span></p><p style=\"margin-bottom: 1rem; color: rgb(33, 37, 41); font-family: system-ui, -apple-system, &quot;Segoe UI&quot;, Roboto, &quot;Helvetica Neue&quot;, Arial, &quot;Noto Sans&quot;, &quot;Liberation Sans&quot;, sans-serif, &quot;Apple Color Emoji&quot;, &quot;Segoe UI Emoji&quot;, &quot;Segoe UI Symbol&quot;, &quot;Noto Color Emoji&quot;; font-size: 16px; background-color: rgb(209, 231, 221);\">For more information see the following links:&nbsp;&nbsp;<a href=\"https://www.irishtimes.com/your-money/2023/07/04/worked-in-the-uk-top-up-your-pension-and-benefit-by-as-much-as-180000/#:~:text=In%20what%20has%20been%20described,tune%20of%20almost%20%E2%82%AC180%2C000.\" target=\"_blank\">Irish Times Money article</a>, 4 June 2023&nbsp;</p><p style=\"margin-bottom: 1rem; color: rgb(33, 37, 41); font-family: system-ui, -apple-system, &quot;Segoe UI&quot;, Roboto, &quot;Helvetica Neue&quot;, Arial, &quot;Noto Sans&quot;, &quot;Liberation Sans&quot;, sans-serif, &quot;Apple Color Emoji&quot;, &quot;Segoe UI Emoji&quot;, &quot;Segoe UI Symbol&quot;, &quot;Noto Color Emoji&quot;; font-size: 16px; background-color: rgb(209, 231, 221);\">Also this <a href=\"https://www.davy.ie/market-and-insights/insights/financial-planning-insights/2023/a-valuable-opportunity-to-increase-your-pension.html#:~:text=Class%202%20contributions%20apply%20to,least%203%20years%20of%20contributions.\" target=\"_blank\">article </a>from Davy Financial Planning, 30th May 2023</p></td></tr></tbody></table><h1 style=\"margin-bottom: 1rem; color: rgb(33, 37, 41); font-family: system-ui, -apple-system, &quot;Segoe UI&quot;, Roboto, &quot;Helvetica Neue&quot;, Arial, &quot;Noto Sans&quot;, &quot;Liberation Sans&quot;, sans-serif, &quot;Apple Color Emoji&quot;, &quot;Segoe UI Emoji&quot;, &quot;Segoe UI Symbol&quot;, &quot;Noto Color Emoji&quot;; font-size: 16px; background-color: rgb(209, 231, 221);\" class=\"\"><br></h1></div>", "featured_image": "image/upload/v1699922229/ejdikwjrwk7qt9oxejl9.jpg", "excerpt": "If you worked in the UK for at least 3 years, and also worked in Ireland, it is possible to claim some state pension from both countries....", "created_on": "2023-11-14T00:37:09.747Z", "updated_on": "2023-11-18T20:15:44Z", "status": 1, "likes": [1, 8], "favourites": [19, 1, 8]}}, {"model": "fp_blog.article", "pk": 10, "fields": {"title": "I want to return to Ireland", "slug": "i-want-to-return-to-ireland", "author": 1, "content": "<p style=\"margin-bottom: 1rem; color: rgb(33, 37, 41); font-family: system-ui, -apple-system, &quot;Segoe UI&quot;, Roboto, &quot;Helvetica Neue&quot;, Arial, &quot;Noto Sans&quot;, &quot;Liberation Sans&quot;, sans-serif, &quot;Apple Color Emoji&quot;, &quot;Segoe UI Emoji&quot;, &quot;Segoe UI Symbol&quot;, &quot;Noto Color Emoji&quot;; font-size: 16px; background-color: rgb(249, 250, 252);\"><span style=\"font-family: Arial; font-size: 18px;\">Things to think about if/when planning a change of residency to Ireland:</span></p><p style=\"margin-bottom: 1rem; color: rgb(33, 37, 41); font-family: system-ui, -apple-system, &quot;Segoe UI&quot;, Roboto, &quot;Helvetica Neue&quot;, Arial, &quot;Noto Sans&quot;, &quot;Liberation Sans&quot;, sans-serif, &quot;Apple Color Emoji&quot;, &quot;Segoe UI Emoji&quot;, &quot;Segoe UI Symbol&quot;, &quot;Noto Color Emoji&quot;; font-size: 16px; background-color: rgb(249, 250, 252);\"><span style=\"font-weight: bolder; font-family: Arial; font-size: 18px;\">Timing:&nbsp;</span><span style=\"font-family: Arial; font-size: 18px;\">For pay-as-you-earn (most) workers, the tax years runs from 1st Jan to 31st December.&nbsp; In other countries the tax year mght be different (e.g. UK runs April - April).&nbsp; Therefore your timing of exit from one country to another may give you the advantage of full-year tax allowances in each contry, e.g.</span></p><p style=\"margin-bottom: 1rem; color: rgb(33, 37, 41); font-family: system-ui, -apple-system, &quot;Segoe UI&quot;, Roboto, &quot;Helvetica Neue&quot;, Arial, &quot;Noto Sans&quot;, &quot;Liberation Sans&quot;, sans-serif, &quot;Apple Color Emoji&quot;, &quot;Segoe UI Emoji&quot;, &quot;Segoe UI Symbol&quot;, &quot;Noto Color Emoji&quot;; font-size: 16px; background-color: rgb(249, 250, 252);\"><span style=\"font-family: Arial; font-size: 18px;\">Tom leaves his fulltime job in the UK and emigrates to Ireland in September.&nbsp; So from a UK tax perspective, his earnings for the current year are April-September, however he has the benefit of tax credits in the UK for a full year to the following 30th March.</span></p><p style=\"margin-bottom: 1rem; color: rgb(33, 37, 41); font-family: system-ui, -apple-system, &quot;Segoe UI&quot;, Roboto, &quot;Helvetica Neue&quot;, Arial, &quot;Noto Sans&quot;, &quot;Liberation Sans&quot;, sans-serif, &quot;Apple Color Emoji&quot;, &quot;Segoe UI Emoji&quot;, &quot;Segoe UI Symbol&quot;, &quot;Noto Color Emoji&quot;; font-size: 16px; background-color: rgb(249, 250, 252);\"><span style=\"font-family: Arial; font-size: 18px;\">Similarly, on arrival in Ireland, his earning for 4 months Sept-Dec are offset against a full year's tax credits.</span></p><p style=\"margin-bottom: 1rem; color: rgb(33, 37, 41); font-family: system-ui, -apple-system, &quot;Segoe UI&quot;, Roboto, &quot;Helvetica Neue&quot;, Arial, &quot;Noto Sans&quot;, &quot;Liberation Sans&quot;, sans-serif, &quot;Apple Color Emoji&quot;, &quot;Segoe UI Emoji&quot;, &quot;Segoe UI Symbol&quot;, &quot;Noto Color Emoji&quot;; font-size: 16px; background-color: rgb(249, 250, 252);\"><span style=\"font-weight: bolder; font-family: Arial; font-size: 18px;\">Beware:&nbsp;</span><span style=\"font-family: Arial; font-size: 18px;\">the dreaded&nbsp;</span><i><span style=\"font-family: Arial; font-size: 18px;\">EMERGENCY TAX&nbsp;</span></i><span style=\"font-family: Arial; font-size: 18px;\">which is applied to your income on first registering with the Irish Revenue.&nbsp; This is a high rate of tax which is initially applied while your taxation affairs are being first established.&nbsp; It is likely to be applied for several months and to greatly reduce your take-home pay during this time!&nbsp; &nbsp;It is important to anticipate this immediate loss of income and to allow for it.&nbsp; On the plus side, as soon as your Irish taxation is established, any overpaid tax is immediatly refunded.&nbsp; So in the example of Tom above, he is likely to receive a nice bonus in time for Christmas!&nbsp;&nbsp;</span></p><p style=\"margin-bottom: 1rem; color: rgb(33, 37, 41); font-family: system-ui, -apple-system, &quot;Segoe UI&quot;, Roboto, &quot;Helvetica Neue&quot;, Arial, &quot;Noto Sans&quot;, &quot;Liberation Sans&quot;, sans-serif, &quot;Apple Color Emoji&quot;, &quot;Segoe UI Emoji&quot;, &quot;Segoe UI Symbol&quot;, &quot;Noto Color Emoji&quot;; font-size: 16px; background-color: rgb(249, 250, 252);\"><br></p><p style=\"margin-bottom: 1rem; color: rgb(33, 37, 41); font-family: system-ui, -apple-system, &quot;Segoe UI&quot;, Roboto, &quot;Helvetica Neue&quot;, Arial, &quot;Noto Sans&quot;, &quot;Liberation Sans&quot;, sans-serif, &quot;Apple Color Emoji&quot;, &quot;Segoe UI Emoji&quot;, &quot;Segoe UI Symbol&quot;, &quot;Noto Color Emoji&quot;; font-size: 16px; background-color: rgb(249, 250, 252);\"><b><span style=\"font-family: Arial; font-size: 18px;\">VISA REQUIREMENTS:&nbsp; </span></b><span style=\"font-family: Arial; font-size: 18px;\">You need to establish whether you (or your dependents who will travel with you) are required to obtain visas before travelling to Ireland.&nbsp; More information from citizens advice can be found </span><a href=\"https://www.citizensinformation.ie/en/moving-country/moving-to-ireland/before-you-come-to-ireland/\" target=\"_blank\"><span style=\"font-family: Arial; font-size: 18px;\">here</span></a><span style=\"font-family: Arial; font-size: 18px;\">.&nbsp; &nbsp;</span></p><p style=\"margin-bottom: 1rem; color: rgb(33, 37, 41); font-family: system-ui, -apple-system, &quot;Segoe UI&quot;, Roboto, &quot;Helvetica Neue&quot;, Arial, &quot;Noto Sans&quot;, &quot;Liberation Sans&quot;, sans-serif, &quot;Apple Color Emoji&quot;, &quot;Segoe UI Emoji&quot;, &quot;Segoe UI Symbol&quot;, &quot;Noto Color Emoji&quot;; font-size: 16px; background-color: rgb(249, 250, 252);\"><span style=\"font-family: Arial; font-size: 18px;\">#</span><a href=\"https://financial-planner-6a030328a9ac.herokuapp.com/admin/taggit/tag/12/change/\" style=\"color: var(--link-hover-color); transition: color 0.15s ease 0s, background 0.15s ease 0s; font-family: -apple-system, BlinkMacSystemFont, &quot;Segoe UI&quot;, system-ui, Roboto, &quot;Helvetica Neue&quot;, Arial, sans-serif, &quot;Apple Color Emoji&quot;, &quot;Segoe UI Emoji&quot;, &quot;Segoe UI Symbol&quot;, &quot;Noto Color Emoji&quot;; font-size: 13px; font-weight: 600; background-color: rgb(255, 255, 255);\">Move to Ireland</a></p>", "featured_image": "image/upload/v1700487973/xauvtriyrzpayvefsz5f.png", "excerpt": "Some of the things you may wish to think about if moving to Ireland from another country", "created_on": "2023-11-14T20:02:57.387Z", "updated_on": "2023-11-20T00:14:41Z", "status": 1, "likes": [8, 1], "favourites": [9]}}, {"model": "fp_blog.article", "pk": 11, "fields": {"title": "Everyday Budgeting", "slug": "everyday-budgeting", "author": 1, "content": "<h2 style=\"margin-right: 0px; margin-bottom: 12px; margin-left: 0px; padding: 0px; font-family: &quot;Open Sans&quot;, sans-serif; color: rgb(52, 79, 108); font-size: 32px;\">Expenditure and impulse buying  Money Matters Unit of Learning</h2><p style=\"margin-bottom: 20px; padding: 0px; font-size: 16px; font-family: &quot;Open Sans&quot;, sans-serif;\">In this video you will meet Michelle who truly learns what was meant in the 2008 recession by a 'haircut'.</p><p style=\"margin-bottom: 20px; padding: 0px; font-size: 16px; font-family: &quot;Open Sans&quot;, sans-serif;\"><iframe webkitallowfullscreen=\"\" mozallowfullscreen=\"\" allowfullscreen=\"\" frameborder=\"0\" src=\"//player.vimeo.com/video/571687011\" width=\"640\" height=\"360\" class=\"note-video-clip\"></iframe></p><p style=\"margin-bottom: 20px; padding: 0px; font-size: 16px; font-family: &quot;Open Sans&quot;, sans-serif;\">(source Consumer Credit Protection Comission:&nbsp;&nbsp;<a href=\"https://moneymatters.ccpc.ie/unit-of-learning/video-and-resource-library/,\" target=\"_blank\" style=\"background-color: rgb(255, 255, 255);\">https://moneymatters.ccpc.ie/unit-of-learning/video-and-resource-library/,</a>&nbsp;retrieved 15/11/23)</p><p style=\"margin-bottom: 20px; padding: 0px; font-size: 16px; font-family: &quot;Open Sans&quot;, sans-serif;\">#<a href=\"https://financial-planner-6a030328a9ac.herokuapp.com/admin/taggit/tag/16/change/\" style=\"color: var(--link-fg); transition: color 0.15s ease 0s, background 0.15s ease 0s; font-family: -apple-system, BlinkMacSystemFont, &quot;Segoe UI&quot;, system-ui, Roboto, &quot;Helvetica Neue&quot;, Arial, sans-serif, &quot;Apple Color Emoji&quot;, &quot;Segoe UI Emoji&quot;, &quot;Segoe UI Symbol&quot;, &quot;Noto Color Emoji&quot;; font-size: 13px; font-weight: 600; background-color: rgb(255, 255, 255);\">Make a budget</a><br></p><p style=\"margin-bottom: 20px; padding: 0px; font-size: 16px; font-family: &quot;Open Sans&quot;, sans-serif;\"><br></p>", "featured_image": "image/upload/v1700487734/zpjvxof84thboghuefuy.png", "excerpt": "Creating and managing an everyday budget can be challenging.  Here we provide some video resources from RTE's 'How to be Good with Money' show and provide some actions and tools to help you.....", "created_on": "2023-11-15T13:37:22.412Z", "updated_on": "2023-11-15T13:37:22.412Z", "status": 1, "likes": [1, 8], "favourites": [8]}}, {"model": "fp_blog.article", "pk": 12, "fields": {"title": "Saving and Long Term Investment", "slug": "saving-and-long-term-investment", "author": 18, "content": "<div class=\"FP-content\" style=\"background-color: rgb(209, 231, 221);\"> <h1 class=\"\"><span style=\"font-family: inherit; color: rgb(57, 132, 198);\">What are your savings goals?</span><br></h1><p><span style=\"font-size: 18px; font-family: Arial;\"><font color=\"#424242\">What are your savings goals?  Here is some feedback from viewers of the RTE programme 'How to be Good with Money' (1min33sec plus ads, opens in new window)&nbsp;</font><font color=\"#3984c6\"> &nbsp;</font></span><a href=\"https://www.rte.ie/video/id/2440/\" target=\"_blank\" style=\"background-color: rgb(209, 231, 221);\">Play video in separate window</a></p><p><font color=\"#424242\" face=\"-apple-system, BlinkMacSystemFont, Segoe UI, system-ui, Roboto, Helvetica Neue, Arial, sans-serif, Apple Color Emoji, Segoe UI Emoji, Segoe UI Symbol, Noto Color Emoji\"><span style=\"font-size: 13px; background-color: rgb(209, 231, 221);\"><span style=\"font-weight: 700; font-size: 18px;\">Compound Interest can work for, or against you.&nbsp; &nbsp;</span></span></font></p><p><font color=\"#424242\" face=\"-apple-system, BlinkMacSystemFont, Segoe UI, system-ui, Roboto, Helvetica Neue, Arial, sans-serif, Apple Color Emoji, Segoe UI Emoji, Segoe UI Symbol, Noto Color Emoji\"><span style=\"font-size: 18px; background-color: rgb(209, 231, 221); font-family: Arial;\">When you are saving, compound interest means that, once the first savings period has passed, you are paid interest on your original savings PLUS the interest already paid.</span></font></p><p><font color=\"#424242\" face=\"-apple-system, BlinkMacSystemFont, Segoe UI, system-ui, Roboto, Helvetica Neue, Arial, sans-serif, Apple Color Emoji, Segoe UI Emoji, Segoe UI Symbol, Noto Color Emoji\"><span style=\"font-size: 18px; background-color: rgb(209, 231, 221); font-family: Arial;\">So your savings grow more quickly</span></font></p><p><font color=\"#424242\" face=\"-apple-system, BlinkMacSystemFont, Segoe UI, system-ui, Roboto, Helvetica Neue, Arial, sans-serif, Apple Color Emoji, Segoe UI Emoji, Segoe UI Symbol, Noto Color Emoji\"><span style=\"font-size: 18px; background-color: rgb(209, 231, 221); font-family: Arial;\">e.g. savings of 100, 5 year term, interest rate 10% p.a.(we wish!)</span></font></p><table class=\"table table-bordered\" style=\"background-color: rgb(255, 255, 255); width: 681.6px;\"><tbody><tr><td style=\"line-height: 1.42857;\"><b>End of Year</b></td><td style=\"line-height: 1.42857;\"><b>Simple Interest</b></td><td style=\"line-height: 1.42857;\"><b>Compound Interest</b></td></tr><tr><td style=\"line-height: 1.42857;\">1</td><td style=\"line-height: 1.42857;\">100 + 100*10% = 110</td><td style=\"line-height: 1.42857;\">100 + 10 = 110<br></td></tr><tr><td style=\"line-height: 1.42857;\">2</td><td style=\"line-height: 1.42857;\">110 + 100*10%&nbsp;= 120</td><td style=\"line-height: 1.42857;\">110 + 110*10% = 121</td></tr><tr><td style=\"line-height: 1.42857;\">3</td><td style=\"line-height: 1.42857;\">120 + 100*10%&nbsp;= 130</td><td style=\"line-height: 1.42857;\">121 + 121*10% = 133</td></tr><tr><td style=\"line-height: 1.42857;\">4</td><td style=\"line-height: 1.42857;\">130 + 100*10%&nbsp;= 140</td><td style=\"line-height: 1.42857;\">133 + 133*10% = 146</td></tr><tr><td style=\"line-height: 1.42857;\">5</td><td style=\"line-height: 1.42857;\">140 + 100*10%&nbsp;= 150</td><td style=\"line-height: 1.42857;\">146 + 146*10% = 160</td></tr></tbody></table><p><br></p><p><span style=\"font-weight: 700; color: rgb(186, 0, 0); font-family: -apple-system, BlinkMacSystemFont, &quot;Segoe UI&quot;, system-ui, Roboto, &quot;Helvetica Neue&quot;, Arial, sans-serif, &quot;Apple Color Emoji&quot;, &quot;Segoe UI Emoji&quot;, &quot;Segoe UI Symbol&quot;, &quot;Noto Color Emoji&quot;; font-size: 13px;\">#Plan my Retirement</span></p><p><span style=\"font-weight: 700; color: rgb(186, 0, 0); font-family: -apple-system, BlinkMacSystemFont, &quot;Segoe UI&quot;, system-ui, Roboto, &quot;Helvetica Neue&quot;, Arial, sans-serif, &quot;Apple Color Emoji&quot;, &quot;Segoe UI Emoji&quot;, &quot;Segoe UI Symbol&quot;, &quot;Noto Color Emoji&quot;; font-size: 13px;\">#Invest Money</span><span style=\"font-weight: 700; color: rgb(186, 0, 0); font-family: -apple-system, BlinkMacSystemFont, &quot;Segoe UI&quot;, system-ui, Roboto, &quot;Helvetica Neue&quot;, Arial, sans-serif, &quot;Apple Color Emoji&quot;, &quot;Segoe UI Emoji&quot;, &quot;Segoe UI Symbol&quot;, &quot;Noto Color Emoji&quot;; font-size: 13px;\"><br></span><br></p><p><br></p><p><br></p><p><br></p><p><br></p><p><br></p></div>", "featured_image": "image/upload/placeholder", "excerpt": "Includes video from Eoin McGee (Presenter of RTE 'How to be Good With Money')  on short, medium and long term savings products", "created_on": "2023-11-15T14:16:07.893Z", "updated_on": "2023-11-15T21:14:45Z", "status": 1, "likes": [1], "favourites": [1]}}, {"model": "fp_blog.article", "pk": 13, "fields": {"title": "RESOURCES", "slug": "resources", "author": 2, "content": "<div class=\"FP-content\" style=\"background-color: rgb(209, 231, 221);\"><p><span style=\"font-family: Arial; font-size: 18px;\">Click on the </span><img src=\"https://res.cloudinary.com/dug4kfxpn/image/upload/v1/media/django-summernote/2023-11-30/e6b3edd6-cc21-42e4-a853-9d921f5d2572_d90i6i\" style=\"width: 67px;\"><span style=\"font-family: Arial; font-size: 18px;\">&nbsp;button above this Article to access a list of useful resources and downloads</span></p><p><span style=\"font-family: Arial; font-size: 18px;\"><br></span></p><p><font face=\"Arial\" color=\"#ce0000\"><span style=\"font-size: 12px;\"><b>#Plan My Retirement</b></span></font><br><br></p></div>", "featured_image": "image/upload/v1700487763/pjqv1vwso6dl3wn4f1go.png", "excerpt": "RESOURCES", "created_on": "2023-11-20T09:43:14.867Z", "updated_on": "2023-11-20T09:43:14.867Z", "status": 1, "likes": [9, 8], "favourites": []}}, {"model": "fp_blog.article", "pk": 14, "fields": {"title": "RESOURCES - MORTGAGES:", "slug": "resources-mortgages", "author": 8, "content": "<p>this is&nbsp; a placeholder article</p><p><span style=\"font-weight: 700; color: rgb(186, 0, 0); font-family: -apple-system, BlinkMacSystemFont, &quot;Segoe UI&quot;, system-ui, Roboto, &quot;Helvetica Neue&quot;, Arial, sans-serif, &quot;Apple Color Emoji&quot;, &quot;Segoe UI Emoji&quot;, &quot;Segoe UI Symbol&quot;, &quot;Noto Color Emoji&quot;; font-size: 13px;\">Purchase a Property</span><br></p>", "featured_image": "image/upload/v1700500442/sucdvfkmdgydic1iktub.png", "excerpt": "", "created_on": "2023-11-20T17:14:03.149Z", "updated_on": "2023-11-20T17:14:03.149Z", "status": 0, "likes": [], "favourites": []}}, {"model": "fp_blog.article", "pk": 15, "fields": {"title": "FinancialPlanner - Founder Story", "slug": "financialplanner-founder-story", "author": 1, "content": "<div class=\"FP-content\" style=\"background-color: rgb(209, 231, 221);\"> <p><br></p><p style=\"text-align: center; \"><img src=\"https://res.cloudinary.com/dug4kfxpn/image/upload/v1/media/django-summernote/2023-11-28/8cfbdfec-d69b-4f8d-9bb2-fe2be2e42f22_jjhs8t\" style=\"width: 50%;\"></p><p style=\"text-align: center; \"><br></p><p style=\"text-align: center; \"><b>First of all, hi there and thank you for reading this!</b></p><p style=\"text-align: center; \"><br></p><p>My name is Deirdre, I'm a mid-50's person who has worked in IT for the last 30 years.&nbsp; I've always had a love of tech and, after drifting through college in my late teens, found my niche in assembling systems to closely match real-world problems.&nbsp; I discovered a love of learning and hold numerous academic and vocational qualifications.&nbsp; My work took me around the world (in the early years); for the last 20 years I've been lucky enough to work close to where I live in the beautiful counties of Wicklow and Carlow in the south-east of Ireland.</p><p>Aligned with my professional life is my personal story.&nbsp; I've been a single parent for many years, and I'm a cancer survivor.&nbsp; I maintained a middle-income career alongside raising my two sons; this gave me some workplace flexibility but constrained our income.&nbsp;</p><p>My experience of the 'squeezed middle', was earning above social security assistance thresholds, but needing to budget tightly to keep our family stable.&nbsp; My forensic-level focus on finances are a bit of a family joke.&nbsp; But, it meant that, even with scarce resources, as a family, we were able to survive and thrive.&nbsp; And take family holidays and make experiences together (thankfully, I quite enjoy camping!!)</p><p>My wish is to create a portal which will <b>empower </b>people....</p><p>by highlighting resources to help with financial planning....&nbsp;</p><p>ENJOY!!&nbsp; &nbsp; &nbsp; &nbsp; &nbsp; &nbsp; &nbsp; &nbsp; &nbsp;<img src=\"https://res.cloudinary.com/dug4kfxpn/image/upload/v1/media/django-summernote/2023-11-30/a99e7613-1dd0-469d-8cdd-3b8b97beff56_bugqne\" style=\"width: 256px;\"></p><p><b style=\"color: rgb(206, 0, 0); font-family: Arial; font-size: 12px;\">#FinancialPlanner - About</b><br></p><p>&nbsp; &nbsp;</p></div>", "featured_image": "image/upload/v1701206836/dpba5ap9eqwmhqy7lgif.jpg", "excerpt": "What motivated me to create this site....", "created_on": "2023-11-22T10:54:45.727Z", "updated_on": "2023-11-22T10:54:45.727Z", "status": 1, "likes": [21], "favourites": []}}, {"model": "fp_blog.article", "pk": 16, "fields": {"title": "FinancialPlanner - How", "slug": "financialplanner-how", "author": 8, "content": "<div class=\"FP-content\" style=\"background-color: rgb(209, 231, 221);\"> <h1 style=\"margin-top: 0px; margin-bottom: 0.5rem; line-height: 1.2; font-size: 1.25rem; color: rgb(33, 37, 41); font-family: system-ui, -apple-system, &quot;Segoe UI&quot;, Roboto, &quot;Helvetica Neue&quot;, Arial, &quot;Noto Sans&quot;, &quot;Liberation Sans&quot;, sans-serif, &quot;Apple Color Emoji&quot;, &quot;Segoe UI Emoji&quot;, &quot;Segoe UI Symbol&quot;, &quot;Noto Color Emoji&quot;; background-color: rgb(209, 231, 221);\" class=\"\"><b><span style=\"font-family: Arial; font-size: 24px;\">How?</span></b></h1><p style=\"margin-top: 0px; margin-bottom: 0.5rem; line-height: 1.2; font-size: 1.25rem; color: rgb(33, 37, 41); font-family: system-ui, -apple-system, &quot;Segoe UI&quot;, Roboto, &quot;Helvetica Neue&quot;, Arial, &quot;Noto Sans&quot;, &quot;Liberation Sans&quot;, sans-serif, &quot;Apple Color Emoji&quot;, &quot;Segoe UI Emoji&quot;, &quot;Segoe UI Symbol&quot;, &quot;Noto Color Emoji&quot;; background-color: rgb(209, 231, 221);\"><span style=\"font-size: 16px; font-family: Arial;\">Financial Planner is a Irish not-for-profit site which aims to help by providing regular, ad-free, impartial financial management guides (articles).&nbsp; &nbsp;</span><span style=\"font-size: 16px; font-family: Arial;\">Many articles suggest follow-on tasks (with URL link).&nbsp; You can copy any of these suggested tasks to your own profile, and can track progress on your own task list. (create, read, update and delete actions from your Task List)&nbsp;</span><br></p><p style=\"margin-bottom: 1rem; color: rgb(33, 37, 41); font-family: system-ui, -apple-system, &quot;Segoe UI&quot;, Roboto, &quot;Helvetica Neue&quot;, Arial, &quot;Noto Sans&quot;, &quot;Liberation Sans&quot;, sans-serif, &quot;Apple Color Emoji&quot;, &quot;Segoe UI Emoji&quot;, &quot;Segoe UI Symbol&quot;, &quot;Noto Color Emoji&quot;; font-size: 16px; background-color: rgb(209, 231, 221);\"><span style=\"font-family: Arial;\">The site was created in response to a knoweldge gap in financial literacy in Republic of Ireland.&nbsp; Useful online resources, specific to Ireland, already exist (see our <a href=\"https://financial-planner-6a030328a9ac.herokuapp.com/resources/\" target=\"_blank\">Resources </a>article).&nbsp; But these can be hard to find, and it's challenging to know which sites are fact-based and relevant.&nbsp; &nbsp;Information is presented in silos, and its not easy to link information to action.&nbsp; <i>An integrated view is needed.</i></span></p><p style=\"margin-bottom: 1rem; color: rgb(33, 37, 41); font-family: system-ui, -apple-system, &quot;Segoe UI&quot;, Roboto, &quot;Helvetica Neue&quot;, Arial, &quot;Noto Sans&quot;, &quot;Liberation Sans&quot;, sans-serif, &quot;Apple Color Emoji&quot;, &quot;Segoe UI Emoji&quot;, &quot;Segoe UI Symbol&quot;, &quot;Noto Color Emoji&quot;; font-size: 16px; background-color: rgb(209, 231, 221);\"><span style=\"font-family: Arial;\"><b>Financial Planner's USP is the ability to link authoritative research to the practical steps (tasks) an individual needs to follow to achieve a financial goal</b>.&nbsp; FP aims to supplement, rather than replace, authoritiative sites; to explain steps needed, and, where possible, to direct the user to the relevant access point (URL) to complete each step.&nbsp;</span></p><span style=\"color: rgb(33, 37, 41); font-family: Arial; font-size: 16px; background-color: rgb(209, 231, 221);\">By creating a reading list, a user can bookmark Articles for re-reading. By creating a Task list, a user can create and track an action diary. These are visible on the 'MyPlanner' site area once you <a href=\"https://financial-planner-6a030328a9ac.herokuapp.com/accounts/signup/\" target=\"_blank\">register an account</a> with us.</span><p style=\"margin-bottom: 1rem; color: rgb(33, 37, 41); font-family: system-ui, -apple-system, &quot;Segoe UI&quot;, Roboto, &quot;Helvetica Neue&quot;, Arial, &quot;Noto Sans&quot;, &quot;Liberation Sans&quot;, sans-serif, &quot;Apple Color Emoji&quot;, &quot;Segoe UI Emoji&quot;, &quot;Segoe UI Symbol&quot;, &quot;Noto Color Emoji&quot;; font-size: 16px; background-color: rgb(209, 231, 221);\"></p><p><b>How to use the FinancialPlanner site?</b><br></p><p><span style=\"font-family: Arial; font-size: 16px;\">Here is </span><a href=\"https://github.com/DeeMcCart/CI_PP4_Financial_Planner/blob/main/README_Features.md\" target=\"_blank\" style=\"background-color: rgb(209, 231, 221);\"><span style=\"font-family: Arial; font-size: 16px;\">a document</span></a><span style=\"font-family: Arial; font-size: 16px;\">&nbsp;explaining some of of the site features.&nbsp; The document is aimed at a technical audience, but may be of some use.&nbsp; Th</span><span style=\"font-family: Arial; font-size: 16px;\">e FP site was developed in Q4 2023 as an academic proof-of-concept, is&nbsp;</span><span style=\"font-family: Arial; font-size: 16px;\">ad-free and not currently sponsored by any person or organisation.&nbsp;</span></p><p><span style=\"font-family: Arial; font-size: 16px;\">As site founder, Deirdre greatly welcomes your suggestions to improve the site's content, features or usability.&nbsp; Please leave feedback using the&nbsp;</span><img src=\"https://res.cloudinary.com/dug4kfxpn/image/upload/v1/media/django-summernote/2023-11-30/9bd8a7e3-1549-431f-9c61-50d56f75b2ab_wjoo9o\" style=\"width: 106px;\">&nbsp;button above.<br></p><p><span style=\"font-family: Arial; font-size: 16px;\">Thank you for using the FinancialPlanner site, and good luck with your financial journey.</span></p><p>&nbsp;<font color=\"#ff0000\"><b><span style=\"font-size: 12px;\">#FinancialPlanner - About</span></b></font></p></div>", "featured_image": "image/upload/v1701206710/kam2xcgqjztaglfl2gok.jpg", "excerpt": "How does this site work?", "created_on": "2023-11-22T11:06:16.866Z", "updated_on": "2023-11-22T11:06:16.866Z", "status": 1, "likes": [8], "favourites": [8, 28]}}, {"model": "fp_blog.article", "pk": 17, "fields": {"title": "FinancialPlanner - Why?", "slug": "financialplanner-why", "author": 1, "content": "<div id=\"DMcC\" style=\"background-color: rgb(209, 231, 221);\"><h5 style=\"margin-top: 0px; margin-bottom: 0.5rem; line-height: 1.2; font-size: 1.25rem; color: rgb(33, 37, 41); font-family: system-ui, -apple-system, &quot;Segoe UI&quot;, Roboto, &quot;Helvetica Neue&quot;, Arial, &quot;Noto Sans&quot;, &quot;Liberation Sans&quot;, sans-serif, &quot;Apple Color Emoji&quot;, &quot;Segoe UI Emoji&quot;, &quot;Segoe UI Symbol&quot;, &quot;Noto Color Emoji&quot;; background-color: rgb(209, 231, 221);\">Why?</h5><p style=\"margin-bottom: 1rem; color: rgb(33, 37, 41); font-family: system-ui, -apple-system, &quot;Segoe UI&quot;, Roboto, &quot;Helvetica Neue&quot;, Arial, &quot;Noto Sans&quot;, &quot;Liberation Sans&quot;, sans-serif, &quot;Apple Color Emoji&quot;, &quot;Segoe UI Emoji&quot;, &quot;Segoe UI Symbol&quot;, &quot;Noto Color Emoji&quot;; font-size: 16px; background-color: rgb(209, 231, 221);\">Many adults in the Republic of Ireland struggle with financial decision-making*</p><p style=\"margin-bottom: 1rem; color: rgb(33, 37, 41); font-family: system-ui, -apple-system, &quot;Segoe UI&quot;, Roboto, &quot;Helvetica Neue&quot;, Arial, &quot;Noto Sans&quot;, &quot;Liberation Sans&quot;, sans-serif, &quot;Apple Color Emoji&quot;, &quot;Segoe UI Emoji&quot;, &quot;Segoe UI Symbol&quot;, &quot;Noto Color Emoji&quot;; font-size: 16px; background-color: rgb(209, 231, 221);\"><br></p><p style=\"margin-bottom: 1rem; color: rgb(33, 37, 41); font-family: system-ui, -apple-system, &quot;Segoe UI&quot;, Roboto, &quot;Helvetica Neue&quot;, Arial, &quot;Noto Sans&quot;, &quot;Liberation Sans&quot;, sans-serif, &quot;Apple Color Emoji&quot;, &quot;Segoe UI Emoji&quot;, &quot;Segoe UI Symbol&quot;, &quot;Noto Color Emoji&quot;; font-size: 16px; background-color: rgb(209, 231, 221);\">While there is a lot of good information available online, it can be hard to find and understand. It's hard to know which information to believe, and who to trust.</p><p style=\"margin-bottom: 1rem; color: rgb(33, 37, 41); font-family: system-ui, -apple-system, &quot;Segoe UI&quot;, Roboto, &quot;Helvetica Neue&quot;, Arial, &quot;Noto Sans&quot;, &quot;Liberation Sans&quot;, sans-serif, &quot;Apple Color Emoji&quot;, &quot;Segoe UI Emoji&quot;, &quot;Segoe UI Symbol&quot;, &quot;Noto Color Emoji&quot;; font-size: 16px; background-color: rgb(209, 231, 221);\">Navigating complex websites and processes is not easy. Keeping track of which steps you've taken, what's to be done next, and how to find the correct advice for each step. Irish banks have largely withdrawn from offering customer-facing support or guidance. Financial Planner aims to fill that gap!</p><p style=\"margin-bottom: 1rem; color: rgb(33, 37, 41); font-family: system-ui, -apple-system, &quot;Segoe UI&quot;, Roboto, &quot;Helvetica Neue&quot;, Arial, &quot;Noto Sans&quot;, &quot;Liberation Sans&quot;, sans-serif, &quot;Apple Color Emoji&quot;, &quot;Segoe UI Emoji&quot;, &quot;Segoe UI Symbol&quot;, &quot;Noto Color Emoji&quot;; font-size: 16px; background-color: rgb(209, 231, 221);\">(*Dept of Finance survey and publications, August 2023)</p><p style=\"margin-bottom: 1rem; color: rgb(33, 37, 41); font-family: system-ui, -apple-system, &quot;Segoe UI&quot;, Roboto, &quot;Helvetica Neue&quot;, Arial, &quot;Noto Sans&quot;, &quot;Liberation Sans&quot;, sans-serif, &quot;Apple Color Emoji&quot;, &quot;Segoe UI Emoji&quot;, &quot;Segoe UI Symbol&quot;, &quot;Noto Color Emoji&quot;; font-size: 16px; background-color: rgb(209, 231, 221);\"><br></p><p style=\"margin-bottom: 1rem; color: rgb(33, 37, 41); font-family: system-ui, -apple-system, &quot;Segoe UI&quot;, Roboto, &quot;Helvetica Neue&quot;, Arial, &quot;Noto Sans&quot;, &quot;Liberation Sans&quot;, sans-serif, &quot;Apple Color Emoji&quot;, &quot;Segoe UI Emoji&quot;, &quot;Segoe UI Symbol&quot;, &quot;Noto Color Emoji&quot;; font-size: 16px; background-color: rgb(209, 231, 221);\">Following on from awareness of the Department of Finance Initiative, strategic resarch wwas done to establish exactly what is currently available in terms of financial literacy education for Ireland.&nbsp; Details of this research are <a href=\"https://docs.google.com/spreadsheets/d/15TBSmjT5cqSam1WWOrpNzkS8IpQ4hAMv8d7IEk12FX8/edit?usp=sharing\" target=\"_blank\">here</a>&nbsp; (a read-only google sheets document)</p><p style=\"margin-bottom: 1rem; color: rgb(33, 37, 41); font-family: system-ui, -apple-system, &quot;Segoe UI&quot;, Roboto, &quot;Helvetica Neue&quot;, Arial, &quot;Noto Sans&quot;, &quot;Liberation Sans&quot;, sans-serif, &quot;Apple Color Emoji&quot;, &quot;Segoe UI Emoji&quot;, &quot;Segoe UI Symbol&quot;, &quot;Noto Color Emoji&quot;; font-size: 16px; background-color: rgb(209, 231, 221);\">Based on this research, I wanted to create a site which makes complex information accessible for people.&nbsp; The principles in creating this site were:</p><p style=\"margin-bottom: 1rem; color: rgb(33, 37, 41); font-family: system-ui, -apple-system, &quot;Segoe UI&quot;, Roboto, &quot;Helvetica Neue&quot;, Arial, &quot;Noto Sans&quot;, &quot;Liberation Sans&quot;, sans-serif, &quot;Apple Color Emoji&quot;, &quot;Segoe UI Emoji&quot;, &quot;Segoe UI Symbol&quot;, &quot;Noto Color Emoji&quot;; font-size: 16px; background-color: rgb(209, 231, 221);\"><span data-sheets-root=\"1\" data-sheets-value=\"{&quot;1&quot;:2,&quot;2&quot;:&quot;1. Site Purpose:  \\r\\n1.1 To provide access to authoritative financial information and guidance\\r\\n1.2 To offer persona/role-based navigation to topics of interest ('I want to: buy a house / start a pension....')\\r\\n1.3 To offer the user an opportunity to interact with topics of interest through bookmarking, liking, copying to a personal folder, making personal notes about a topic\\r\\n1.4 To offer an alternative to purely text-based navigation of financial guidance/information\\r\\n\\r\\n2. What type of content will be included:\\r\\n2.1 links to authoritative articles from trustworthy sites\\r\\n2.2 Persona-based navigation\\r\\n2.3 Information presented in varying modes including text, infographics, pictorial, video.\\r\\n2.4 Interactive capabilities through creation of personal action items, bookmarking, liking\\r\\n2.5 (Ideally some calculators and games)\\r\\n\\r\\n3. Features to be included for MVP:\\r\\n3.1 Django-based articles database allowing admin CRUD facilities for articles\\r\\n3.2 Django-based themes/categories functionality, manageable by admin with the ability to link articles to a particular theme\\r\\n3.3 Ability to like and bookmark articles\\r\\n3.4 User registrations/ signon capabilities\\r\\n\\r\\n4. Desirable Features\\r\\n4.1 Ability to associate suggested action items with articles  \\r\\n4.2 Ability to 'copy' suggested actions to a user's personal action list\\r\\n4.3 Ability for user to maintain (CRUD) their personal action list\\r\\n4.4 Multimedia presentation of information e.g. infographics\\r\\n\\r\\n\\r&quot;}\" data-sheets-userformat=\"{&quot;2&quot;:513,&quot;3&quot;:{&quot;1&quot;:0},&quot;12&quot;:0}\" style=\"color: rgb(0, 0, 0); font-size: 10pt; font-family: Arial;\"><span style=\"font-size: 18pt;\">1. Site Purpose:</span><br><span style=\"font-size: 12pt;\">1.1 To provide access to authoritative financial information and guidance</span><br><span style=\"font-size: 12pt;\">1.2 To offer persona/role-based navigation to topics of interest ('I want to: buy a house / start a pension....')</span><br><span style=\"font-size: 12pt;\">1.3 To offer the user an opportunity to interact with topics of interest through bookmarking, liking, copying to a personal folder, making personal notes about a topic</span><br><span style=\"font-size: 12pt;\">1.4 To offer an alternative to purely text-based navigation of financial guidance/information</span><br><br></span></p><h1 class=\"\"><span data-sheets-root=\"1\" data-sheets-value=\"{&quot;1&quot;:2,&quot;2&quot;:&quot;1. Site Purpose:  \\r\\n1.1 To provide access to authoritative financial information and guidance\\r\\n1.2 To offer persona/role-based navigation to topics of interest ('I want to: buy a house / start a pension....')\\r\\n1.3 To offer the user an opportunity to interact with topics of interest through bookmarking, liking, copying to a personal folder, making personal notes about a topic\\r\\n1.4 To offer an alternative to purely text-based navigation of financial guidance/information\\r\\n\\r\\n2. What type of content will be included:\\r\\n2.1 links to authoritative articles from trustworthy sites\\r\\n2.2 Persona-based navigation\\r\\n2.3 Information presented in varying modes including text, infographics, pictorial, video.\\r\\n2.4 Interactive capabilities through creation of personal action items, bookmarking, liking\\r\\n2.5 (Ideally some calculators and games)\\r\\n\\r\\n3. Features to be included for MVP:\\r\\n3.1 Django-based articles database allowing admin CRUD facilities for articles\\r\\n3.2 Django-based themes/categories functionality, manageable by admin with the ability to link articles to a particular theme\\r\\n3.3 Ability to like and bookmark articles\\r\\n3.4 User registrations/ signon capabilities\\r\\n\\r\\n4. Desirable Features\\r\\n4.1 Ability to associate suggested action items with articles  \\r\\n4.2 Ability to 'copy' suggested actions to a user's personal action list\\r\\n4.3 Ability for user to maintain (CRUD) their personal action list\\r\\n4.4 Multimedia presentation of information e.g. infographics\\r\\n\\r\\n\\r&quot;}\" data-sheets-userformat=\"{&quot;2&quot;:513,&quot;3&quot;:{&quot;1&quot;:0},&quot;12&quot;:0}\" style=\"color: rgb(0, 0, 0); font-size: 18pt; font-family: Arial;\">2. What type of content will be included:</span></h1><span data-sheets-root=\"1\" data-sheets-value=\"{&quot;1&quot;:2,&quot;2&quot;:&quot;1. Site Purpose:  \\r\\n1.1 To provide access to authoritative financial information and guidance\\r\\n1.2 To offer persona/role-based navigation to topics of interest ('I want to: buy a house / start a pension....')\\r\\n1.3 To offer the user an opportunity to interact with topics of interest through bookmarking, liking, copying to a personal folder, making personal notes about a topic\\r\\n1.4 To offer an alternative to purely text-based navigation of financial guidance/information\\r\\n\\r\\n2. What type of content will be included:\\r\\n2.1 links to authoritative articles from trustworthy sites\\r\\n2.2 Persona-based navigation\\r\\n2.3 Information presented in varying modes including text, infographics, pictorial, video.\\r\\n2.4 Interactive capabilities through creation of personal action items, bookmarking, liking\\r\\n2.5 (Ideally some calculators and games)\\r\\n\\r\\n3. Features to be included for MVP:\\r\\n3.1 Django-based articles database allowing admin CRUD facilities for articles\\r\\n3.2 Django-based themes/categories functionality, manageable by admin with the ability to link articles to a particular theme\\r\\n3.3 Ability to like and bookmark articles\\r\\n3.4 User registrations/ signon capabilities\\r\\n\\r\\n4. Desirable Features\\r\\n4.1 Ability to associate suggested action items with articles  \\r\\n4.2 Ability to 'copy' suggested actions to a user's personal action list\\r\\n4.3 Ability for user to maintain (CRUD) their personal action list\\r\\n4.4 Multimedia presentation of information e.g. infographics\\r\\n\\r\\n\\r&quot;}\" data-sheets-userformat=\"{&quot;2&quot;:513,&quot;3&quot;:{&quot;1&quot;:0},&quot;12&quot;:0}\" style=\"color: rgb(0, 0, 0); font-size: 10pt; font-family: Arial;\"><span style=\"font-size: 12pt; font-family: Arial;\">2.1 links to authoritative articles from trustworthy sites</span><br><span style=\"font-size: 12pt;\">2.2 Persona-based navigation</span><br><span style=\"font-size: 12pt;\">2.3 Information presented in varying modes including text, infographics, pictorial, video.</span><br><span style=\"font-size: 12pt;\">2.4 Interactive capabilities through creation of personal action items, bookmarking, liking</span><br><span style=\"font-size: 12pt;\">2.5 (Ideally some calculators and games)</span><br><br><span style=\"font-size: 18pt;\">3. Features to be included for MVP:</span><br><span style=\"font-size: 12pt;\">3.1 Django-based articles database allowing admin CRUD facilities for articles</span><br><span style=\"font-size: 12pt;\">3.2 Django-based themes/categories functionality, manageable by admin with the ability to link articles to a particular theme</span><br><span style=\"font-size: 12pt;\">3.3 Ability to like and bookmark articles</span><br><span style=\"font-size: 12pt;\">3.4 User registrations/ signon capabilities</span><br><br><span style=\"font-size: 18pt;\">4. Desirable Features</span><br><span style=\"font-size: 12pt;\">4.1 Ability to associate suggested action items with articles</span><br><span style=\"font-size: 12pt;\">4.2 Ability to 'copy' suggested actions to a user's personal action list</span><br><span style=\"font-size: 12pt;\">4.3 Ability for user to maintain (CRUD) their personal action list</span><br><span style=\"font-size: 12pt;\">4.4 Multimedia presentation of information e.g. infographics</span><br><br></span><p></p><p style=\"margin-bottom: 1rem; color: rgb(33, 37, 41); font-family: system-ui, -apple-system, &quot;Segoe UI&quot;, Roboto, &quot;Helvetica Neue&quot;, Arial, &quot;Noto Sans&quot;, &quot;Liberation Sans&quot;, sans-serif, &quot;Apple Color Emoji&quot;, &quot;Segoe UI Emoji&quot;, &quot;Segoe UI Symbol&quot;, &quot;Noto Color Emoji&quot;; font-size: 16px; background-color: rgb(209, 231, 221);\"><br></p><p style=\"margin-bottom: 1rem; color: rgb(33, 37, 41); font-family: system-ui, -apple-system, &quot;Segoe UI&quot;, Roboto, &quot;Helvetica Neue&quot;, Arial, &quot;Noto Sans&quot;, &quot;Liberation Sans&quot;, sans-serif, &quot;Apple Color Emoji&quot;, &quot;Segoe UI Emoji&quot;, &quot;Segoe UI Symbol&quot;, &quot;Noto Color Emoji&quot;; font-size: 16px; background-color: rgb(209, 231, 221);\"><br></p><p style=\"margin-bottom: 1rem; color: rgb(33, 37, 41); font-family: system-ui, -apple-system, &quot;Segoe UI&quot;, Roboto, &quot;Helvetica Neue&quot;, Arial, &quot;Noto Sans&quot;, &quot;Liberation Sans&quot;, sans-serif, &quot;Apple Color Emoji&quot;, &quot;Segoe UI Emoji&quot;, &quot;Segoe UI Symbol&quot;, &quot;Noto Color Emoji&quot;; font-size: 16px; background-color: rgb(209, 231, 221);\"><br></p></div>", "featured_image": "image/upload/placeholder", "excerpt": "Why was the FinancialPlanner site created?  What problem does it aim to address?", "created_on": "2023-11-22T11:22:24.069Z", "updated_on": "2023-11-22T11:22:24.069Z", "status": 0, "likes": [], "favourites": []}}, {"model": "fp_blog.article", "pk": 18, "fields": {"title": "FinancialPlanner - What?", "slug": "financialplanner-what", "author": 1, "content": "<h5 style=\"margin-top: 0px; margin-bottom: 0.5rem; line-height: 1.2; font-size: 1.25rem; color: rgb(33, 37, 41); font-family: system-ui, -apple-system, &quot;Segoe UI&quot;, Roboto, &quot;Helvetica Neue&quot;, Arial, &quot;Noto Sans&quot;, &quot;Liberation Sans&quot;, sans-serif, &quot;Apple Color Emoji&quot;, &quot;Segoe UI Emoji&quot;, &quot;Segoe UI Symbol&quot;, &quot;Noto Color Emoji&quot;; background-color: rgb(209, 231, 221);\">What?</h5><ul style=\"padding-left: 2rem; margin-bottom: 1rem; color: rgb(33, 37, 41); font-family: system-ui, -apple-system, &quot;Segoe UI&quot;, Roboto, &quot;Helvetica Neue&quot;, Arial, &quot;Noto Sans&quot;, &quot;Liberation Sans&quot;, sans-serif, &quot;Apple Color Emoji&quot;, &quot;Segoe UI Emoji&quot;, &quot;Segoe UI Symbol&quot;, &quot;Noto Color Emoji&quot;; font-size: 16px; background-color: rgb(209, 231, 221);\"><li>Not-for-profit and ad-free</li><li>Will not re-use or pass on your information</li><li>Presents articles based on trusted sources</li><li>Helps navigate government websites</li><li>Breaks complex tasks into manageable steps</li><li>Track the actions you want to take</li><li>To achieve the best financial outcomes</li></ul>", "featured_image": "image/upload/placeholder", "excerpt": "What is this site?", "created_on": "2023-11-22T11:25:40.045Z", "updated_on": "2023-11-22T11:25:40.045Z", "status": 0, "likes": [], "favourites": []}}, {"model": "fp_blog.article", "pk": 19, "fields": {"title": "FinancialPlanner - Site Notes", "slug": "financialplanner-site-notes", "author": 1, "content": "<p>Just keeping these in one place for now... might find their way into one of the other articles:&nbsp;&nbsp;</p><p><b><u>styling</u></b>:&nbsp; use &lt;div class=\"FP-content\" style=\"background-color: rgb(209, 231, 221);\"&gt; &lt;/div&gt; to surround article content</p><p>Financial literarcy Content is, in many cases, rich, detailed and valualable.</p><p>Government-funded websites such as CCPC, Citizens advice, Revenue offer clear and authoritive advice, and it is possible to determine when the advice was last updated.</p><p>Consumer-led sites such as switcher.ie, bonkers.ie, cheapestoil.ie offer comparisons of specific services or products (electricity supplier, telecomms providers, fuel prices) .&nbsp;</p><p>However it is also quite dispersed, and topic searches can require considerable persistence to obtain a full picture.</p><p>Truth verification can be difficult, opinion-based sources can appear to hold equal weight with authoritiative sources.&nbsp;&nbsp;</p><p>Vulnerable users researching can fall prey to information-gathering websites which then seek to market or target the customers for revenue-earning purposes, often recycling the customers own information as part of this exercise.</p><p>Financial literacy programmes are taking shape in schools, however there does not seem to be entire-life financial educational focus</p><p>Bank of Ireland in ther consumer study of XXXXXX, observed that many middle-class parents will gift their children, not only with financial resources, but with the knowledge and learning of how to manage and maintain these resources.</p><p>People raised in humble circumstances neither benefit from inherited wealth, nor typically do they absorb this detailed knowledge within their home environment.&nbsp;</p><p>Retail banks, who traditionally prospered through relationship marketing, have since c. 2012 retreated into transactional processing, which reduces the opportunity for customers to learn from conversations with bank staff.&nbsp;&nbsp;</p><p>Post offices, offered as an alternative, are primarily transaction focussed, and reply on unqualified staff who can provide limited financial guidance to customers.</p><p>People are being increasingly directed towards self-learning.</p><p><br></p><p>But this is challenging because of the huge diversity of information sources and resources.</p><p><br></p><p>Therefore, the gap to be adressed is navigational.... how does a user find information relevant to their needs?&nbsp;</p><div><br></div>", "featured_image": "image/upload/placeholder", "excerpt": "", "created_on": "2023-11-23T02:17:20.351Z", "updated_on": "2023-11-23T02:17:20.351Z", "status": 0, "likes": [], "favourites": []}}, {"model": "fp_blog.article", "pk": 20, "fields": {"title": "Mortgage - Early Repayment", "slug": "mortgage-early-repayment", "author": 20, "content": "<div class=\"FP-content\" style=\"background-color: rgb(209, 231, 221);\"> <h1 class=\"\"><b style=\"font-size: 13px; color: rgb(66, 66, 66); font-family: -apple-system, BlinkMacSystemFont, &quot;Segoe UI&quot;, system-ui, Roboto, &quot;Helvetica Neue&quot;, Arial, sans-serif, &quot;Apple Color Emoji&quot;, &quot;Segoe UI Emoji&quot;, &quot;Segoe UI Symbol&quot;, &quot;Noto Color Emoji&quot;;\"><u>PAYING EXTRA AGAINST YOUR MORTGAGE:</u></b></h1><p><span style=\"font-size: 18px; color: rgb(66, 66, 66); font-family: Arial;\">Depending on your mortgage terms and conditions, you may be permitted to make additional payments against your mortgage account.&nbsp; This could be in the form of an extra amount each month, it could be occasional lump sum payments (for example if you receive a bonus at work).&nbsp; &nbsp;It's important to check how your lender treats additional payments.&nbsp; </span></p><p><span style=\"font-size: 18px; color: rgb(66, 66, 66); font-family: Arial;\">What you are seeking is to offset any additional payments against your mortgage term (ie reduce the duration of your mortgage).&nbsp;&nbsp;</span><span style=\"font-family: Arial; font-size: 18px; color: rgb(66, 66, 66);\">This way, you can greatly reduce the amount you pay in interest against the loan, and can repay it earlier.&nbsp;</span></p><p><font color=\"#424242\" face=\"-apple-system, BlinkMacSystemFont, Segoe UI, system-ui, Roboto, Helvetica Neue, Arial, sans-serif, Apple Color Emoji, Segoe UI Emoji, Segoe UI Symbol, Noto Color Emoji\"><span style=\"font-size: 18px; font-family: Arial;\">Try the Google Sheets mortgage calculator (see&nbsp;</span></font><img src=\"https://res.cloudinary.com/dug4kfxpn/image/upload/v1/media/django-summernote/2023-11-30/0cf12cd0-682f-42ba-835e-edfa795e827b_ndvaak\" style=\"width: 67px;\"><font color=\"#424242\" face=\"-apple-system, BlinkMacSystemFont, Segoe UI, system-ui, Roboto, Helvetica Neue, Arial, sans-serif, Apple Color Emoji, Segoe UI Emoji, Segoe UI Symbol, Noto Color Emoji\"><span style=\"font-size: 18px; font-family: Arial;\">&nbsp;</span></font>&nbsp;<font color=\"#424242\" face=\"-apple-system, BlinkMacSystemFont, Segoe UI, system-ui, Roboto, Helvetica Neue, Arial, sans-serif, Apple Color Emoji, Segoe UI Emoji, Segoe UI Symbol, Noto Color Emoji\"><span style=\"font-size: 18px; font-family: Arial;\">button above this Article) </span></font></p><p><font color=\"#424242\" face=\"-apple-system, BlinkMacSystemFont, Segoe UI, system-ui, Roboto, Helvetica Neue, Arial, sans-serif, Apple Color Emoji, Segoe UI Emoji, Segoe UI Symbol, Noto Color Emoji\"><span style=\"font-size: 18px; font-family: Arial;\">It is a real surprise to see the effect that an additional payment, particularly in the early years, can have on the total paid.&nbsp; It means each subsequent monthly payment is allocated less to interest repayment and more to capital (loan balance) repayment.</span></font></p><p><span style=\"font-family: Arial; font-size: 18px; color: rgb(66, 66, 66);\">If you are in a position to make (either one off or regular) additional mortgage payments, check how these are dealt with for YOUR mortgage policy.&nbsp; &nbsp;Start a discussion with your lender, and make the additional payments when suits you...&nbsp;</span><br></p><p><font color=\"rgba(0, 0, 0, 0)\" face=\"-apple-system, BlinkMacSystemFont, Segoe UI, system-ui, Roboto, Helvetica Neue, Arial, sans-serif, Apple Color Emoji, Segoe UI Emoji, Segoe UI Symbol, Noto Color Emoji\"><span style=\"transition: color 0.15s ease 0s, background 0.15s ease 0s; font-size: 13px; background-color: rgb(248, 248, 248);\"><b><br></b></span></font></p><p><font color=\"rgba(0, 0, 0, 0)\" face=\"-apple-system, BlinkMacSystemFont, Segoe UI, system-ui, Roboto, Helvetica Neue, Arial, sans-serif, Apple Color Emoji, Segoe UI Emoji, Segoe UI Symbol, Noto Color Emoji\"><span style=\"transition: color 0.15s ease 0s, background 0.15s ease 0s; font-size: 13px; ;\"><b>#Purchase a Property, #Plan My Retirement&nbsp;</b></span></font><b style=\"font-size: 13px; color: rgba(0, 0, 0, 0); font-family: -apple-system, BlinkMacSystemFont, &quot;Segoe UI&quot;, system-ui, Roboto, &quot;Helvetica Neue&quot;, Arial, sans-serif, &quot;Apple Color Emoji&quot;, &quot;Segoe UI Emoji&quot;, &quot;Segoe UI Symbol&quot;, &quot;Noto Color Emoji&quot;;\">#Plan my Retirement</b></p></div>", "featured_image": "image/upload/v1701187914/l2znta4h5upkr11ch8gw.jpg", "excerpt": "The benefits of making extra payments against your mortgage... plus a handy Google Sheets calculator so you can try out the figures....", "created_on": "2023-11-27T15:47:03.711Z", "updated_on": "2023-11-27T15:47:03.711Z", "status": 1, "likes": [2, 21, 22, 27], "favourites": [20, 22, 23]}}, {"model": "fp_blog.article", "pk": 21, "fields": {"title": "April is Financial Literacy Month!", "slug": "april-is-financial-literacy-month", "author": 20, "content": "", "featured_image": "image/upload/placeholder", "excerpt": "", "created_on": "2024-04-16T07:57:35.253Z", "updated_on": "2024-04-16T07:57:35.253Z", "status": 0, "likes": [], "favourites": []}}, {"model": "fp_blog.article", "pk": 22, "fields": {"title": "Research in Ireland", "slug": "research-in-ireland", "author": 20, "content": "<p>Below is a list of research articles, publications and press releases which we found when researching the topic of Financial Literacy in Ireland.&nbsp; We have included a summary of each and (our interpretation of) its relevance to learning about money management in Ireland&nbsp;</p>", "featured_image": "image/upload/placeholder", "excerpt": "", "created_on": "2024-04-16T08:00:40.095Z", "updated_on": "2024-04-16T08:00:40.095Z", "status": 0, "likes": [], "favourites": []}}, {"model": "fp_blog.article", "pk": 23, "fields": {"title": "Financial Literacy Learning - Secondary School", "slug": "secondary-school-financial-literacy-programmes", "author": 20, "content": "<p>In researching financial literacy in Ireland, we were interested to discover any programmes being offered to help secondary school students with money management.&nbsp; This is what we found using&nbsp; desk-based research.&nbsp; If you know of any more, please contact us and make us aware at allskill.tech@gmail.com&nbsp;</p><p><br></p><p><a href=\"https://cdn.irishfunds.ie/x/06c4c293b8/final-2023-24-irish-funds-ty-financial-literacy-programme.pdf?_gl=1*1iyc98d*_ga*MTYzOTM3NzExNC4xNjk2NTkyNDY3*_ga_M4G8XK9Q1L*MTY5NjkyOTEzOC41LjEuMTY5NjkyOTU5OC41NS4wLjA.\" target=\"_blank\">https://cdn.irishfunds.ie/x/06c4c293b8/final-2023-24-irish-funds-ty-financial-literacy-programme.pdf?_gl=1*1iyc98d*_ga*MTYzOTM3NzExNC4xNjk2NTkyNDY3*_ga_M4G8XK9Q1L*MTY5NjkyOTEzOC41LjEuMTY5NjkyOTU5OC41NS4wLjA.</a></p><p><br></p><p><a href=\"https://www.irishfunds.ie/news-knowledge/news/irish-funds-financial-literacy-ty-programme-sponsorship-announcement-schools-update-and-looking-forward/\" target=\"_blank\">https://www.irishfunds.ie/news-knowledge/news/irish-funds-financial-literacy-ty-programme-sponsorship-announcement-schools-update-and-looking-forward/</a></p><p><br></p><p>Susan Hayes Culleton:&nbsp; The Savvy Teen Programme, this covers&nbsp;</p>", "featured_image": "image/upload/placeholder", "excerpt": "", "created_on": "2024-04-16T08:03:16.380Z", "updated_on": "2024-04-16T08:03:16.380Z", "status": 0, "likes": [], "favourites": []}}, {"model": "fp_blog.article", "pk": 24, "fields": {"title": "Show Her The Money", "slug": "show-her-the-money", "author": 1, "content": "<p>Show her The Money is both a movie and a movement</p><p>Its a movie which profiles 4 female founders, who are trading successfully and who require investment to expand. The movie highlights the difficulties that women experience navigating this part of the financial world, which is male-dominated and not particularly welcoming towards female entrepreneurs.&nbsp; &nbsp;Women are required to engage with non-vaue-add 'prove-yourself' processes.&nbsp; 'We don't want charity, we want parity!' runs the theme tune.&nbsp; &nbsp;</p><p>Dapper Boi is a gender-neutral clothing range which includes jeans with practical deep pockets, shirts with additional between-button fasteners to avoid the 'chest gap' often experienced by women with button-front garments.&nbsp; As its founder, xxxx, says - we designed these garments with women in mind, but then guys approached us and said 'hey I too have butt cheeks, I want to wear your jeans'.&nbsp; &nbsp; &nbsp;</p><p>Pocket Sun started an investement company in her mid-20s.&nbsp; Initially the financial institutions she dealt with were sceptical of her youth and inexperience, but she now handles XXXXX funds and points out that the investment metric returns most when a company is pre-public, that women are a strong investment as they tend to employ capital wisely and XXXXXly (using the money in imaginative ways to overcome obstacles).</p><p>XXXX is a post-mastectomy lingerie company, the founder, XXXXX talked about her grandmothers life after breast cancer, watching her shopping for mastectomy-friendly underclothes, relegated&nbsp;to sterile aisles of chemist and pharmacies, 'next to the adult diapers'.&nbsp; XXXX shows the beautiful clothing, and demonstrates skintone-matching mastectomy forms.</p><p>Dennys is a large restaurant chain across the USA,&nbsp; it operates as a franchise model.&nbsp; &nbsp;The largest female franchisee is XXXXX, a glamorous entrepreneur who tells her heartwrenching journey 'I came from nothing.&nbsp; At 17 years old, I started front-of-house but then realised the waitresses were the ones making all the money.&nbsp; I begged my manager to let me work as a waitress'.&nbsp; At the time of making the movie (c. 2022) she owned XX franchises.</p><p>XXXX has now become an investor.&nbsp; We heard her views from the investment perspective, as well as 4 other investors.&nbsp; What they had in common was a clear sense of their own purpose, what they were willing to invest in, and the sought clarity of purpose from their clients.&nbsp; 'Nothing bad comes when women have more money'.</p><p>An important part of the 'Show Her the Money' movie roadshow is the panel discussion which follows.&nbsp; The film-maker and investor, Catherine Gray explains her motivation in touring to 50 locations with the movie..... The panel in Dublin consisted of an additional 5 international female entrepreneurs.&nbsp; They talked of their successes, the obstacles they'd to overcome in personal and professional life, and how they had built their empires, sorry businesses....&nbsp;</p><p>XXXX launched her auyverdic skincare range in the Indian market.&nbsp; Again there was a nod to her female lineage, with her mother making skincare products at home as she grew up.</p><p>The funny thing about this movie was that we saw the personal and family situation of each of the founders.&nbsp; Each had a family, children, and a network they were socially responsible for.&nbsp; The warmth of those relationships and the emotional journeys juxtapositioned with business activity was unusual to see.&nbsp; Corporate success is often portrayed for women as dual (didactic or whatever the word is) where family life is one slio and business life in another.&nbsp; Here we saw the intermingling of both which looked like a much more ecological natural flow.</p><p>An unspoken message was that entrepreneurial journeys, particularly when undertaken with a supportive partner, can combine family and professional lives, perhaps in a way that the corporate journey struggles with.&nbsp; Women in corporate roles are often required to 'mask' their family lives, to pretend not to have responsibilities and committments outside work.&nbsp;&nbsp;</p><p>Coming full circle, I was delighted to see one attendee in Dublin with her daughter, and another with a younger child.&nbsp;&nbsp;</p><p>&nbsp;</p><p><br></p><p>&nbsp;&nbsp;</p><p><br></p><p><br></p><p><br></p><p><br></p><p><br></p>", "featured_image": "image/upload/placeholder", "excerpt": "", "created_on": "2024-05-26T08:31:38.288Z", "updated_on": "2024-05-26T08:31:38.288Z", "status": 0, "likes": [], "favourites": []}}, {"model": "fp_blog.article", "pk": 25, "fields": {"title": "Economic Abuse", "slug": "economic-abuse", "author": 1, "content": "<p>ECONOMIC ABUSE</p><p>In the wanderings of my recent stakeholder-and-funding research I came across a charity (which is elegible for funding under the AIB Community award scheme.&nbsp; Registered charity #1173256 in the UK).</p><p>'Surviving Economic Abuse'&nbsp;<a href=\"https://survivingeconomicabuse.org/\" target=\"_blank\">https://survivingeconomicabuse.org/</a></p><p>A charity which makes the clear link between coercive control and economic abuse in a relationship.</p><p>And identifies how economic abuse can continue long after a relationship has ended.</p><p>And which has campaigned for parlimentary law to recognise and deal with economic abuse.</p><p>Founded in 2016, this charity makes a difference every day to women and their lived experience.&nbsp;</p><p>----------------------</p><p>I since became aware of one of the irish banks training keyworkers in women's refuge on financial literacy topics.&nbsp; This is a significant initiatve in Ireland</p><p><br></p><p><br></p>", "featured_image": "image/upload/placeholder", "excerpt": "", "created_on": "2024-05-26T08:51:33.331Z", "updated_on": "2024-05-26T08:51:33.331Z", "status": 0, "likes": [], "favourites": []}}, {"model": "fp_blog.article", "pk": 26, "fields": {"title": "MABS Services Country-wide", "slug": "mabs-services-country-wide", "author": 20, "content": "<p>Link to map of MABS services with email contact details for each</p><p><br></p><p>Last updated:&nbsp; XXXXXX</p>", "featured_image": "image/upload/placeholder", "excerpt": "", "created_on": "2024-05-26T08:59:54.030Z", "updated_on": "2024-05-26T08:59:54.030Z", "status": 0, "likes": [], "favourites": []}}, {"model": "fp_blog.article", "pk": 27, "fields": {"title": "Existing financial literacy sites", "slug": "existing-financial-literacy-sites", "author": 1, "content": "<p><br></p><table class=\"table table-bordered\"><tbody><tr><td>What</td><td>Strengths</td><td>FLIT Opportunities</td><td>FLIT learnings</td></tr><tr><td>yourJUNO</td><td><p>Strong UI</p><p>Good content covering lots of pillars</p></td><td>Geographic reach - UK only</td><td><br></td></tr><tr><td>the female alliance</td><td>Change from inside</td><td><br></td><td><br></td></tr><tr><td>pennywise (Lesley Tully)</td><td><br></td><td><br></td><td><br></td></tr><tr><td>femaleINVEST</td><td><br></td><td><br></td><td><br></td></tr><tr><td>INVESTHER</td><td><br></td><td><br></td><td><br></td></tr><tr><td><br></td><td><br></td><td><br></td><td><br></td></tr><tr><td><br></td><td><br></td><td><br></td><td><br></td></tr><tr><td><br></td><td><br></td><td><br></td><td><br></td></tr><tr><td><br></td><td><br></td><td><br></td><td><br></td></tr><tr><td><br></td><td><br></td><td><br></td><td><br></td></tr></tbody></table><p><br></p>", "featured_image": "image/upload/v1722756747/uyzfgxvyqz5bkqo52afm.jpg", "excerpt": "What financial literacy sites are already out there?\r\nWhat are their strenghts?\r\nWeaknesses / Opportunities for FLIT?", "created_on": "2024-08-04T07:32:28.211Z", "updated_on": "2024-08-04T07:32:28.211Z", "status": 0, "likes": [], "favourites": []}}, {"model": "fp_blog.article", "pk": 28, "fields": {"title": "Calendar of events", "slug": "calendar-of-events", "author": 1, "content": "<p><br></p><table class=\"table table-bordered\"><tbody><tr><td><p><a href=\"https://apply.joinfounders.co/\" target=\"_blank\">https://apply.joinfounders.co/</a><a href=\"https://apply.joinfounders.co/Apply\" target=\"_blank\">&nbsp; &nbsp;</a></p><p><a href=\"https://apply.joinfounders.co/Apply\" target=\"_blank\">Apply</a>&nbsp;to founders<br></p></td><td><p>Apply with an idea or with tech skills</p><p>(Might be suitable for that chap I met in banking at dublin tech summit)</p></td><td><p>Continuous applications:</p><p>Started application late July/early August 2024, but abandoned it as not 100% sure its what i want.</p><p>Left tab open let's see if still active on my return</p></td></tr><tr><td>New Frontiers - Blanchardstown</td><td>Apply by 5th August</td><td><br></td></tr><tr><td><p>midlife unstuck - joy at work summit</p><p><br></p><p>https://www.midlifeunstuck.com/new-blog-1/youre-not-alone?utm_source=ActiveCampaign&amp;utm_medium=email&amp;utm_content=I%20promised%20you%20these&amp;utm_campaign=Insights%20and%20graphics%20from%20The%20Joy%20at%20Work%20Summit&amp;vgo_ee=0rqogdsqCwL042ZGicXuzfoaFCHSvueDfWoRGgtSXIH9AUAWWJ6J%3AJMNYCUrP7zfAxFNgyzHb4OOpZ3bwnXPe<br></p></td><td><br></td><td><br></td></tr><tr><td><br></td><td><br></td><td><br></td></tr><tr><td><br></td><td><br></td><td><br></td></tr><tr><td><br></td><td><br></td><td><br></td></tr><tr><td><br></td><td><br></td><td><br></td></tr></tbody></table><p><br></p>", "featured_image": "image/upload/placeholder", "excerpt": "The startup world is confusing and there are a number of deadlines for events which occur during the year.  Some are cyclical (recur every year) - but require some preparation work, so it is advantageous to know in advance.\r\nOthers may be one-offs during 2024 - however unless these are mapped onto a calendar then it can be difficult to capture them", "created_on": "2024-08-04T07:44:38.949Z", "updated_on": "2024-08-04T07:44:38.949Z", "status": 0, "likes": [], "favourites": []}}, {"model": "fp_blog.article", "pk": 29, "fields": {"title": "Conducting an Annual Financial Review", "slug": "conducting-an-annual-financial-review", "author": 1, "content": "", "featured_image": "image/upload/placeholder", "excerpt": "Its a good idea to check in with your finances at least one a year.  This helps you step back from the day-to-day and see the big picture of how you are progressing against your own long term goals.", "created_on": "2024-08-16T16:03:32.358Z", "updated_on": "2024-08-16T16:03:32.358Z", "status": 0, "likes": [], "favourites": []}}, {"model": "fp_blog.comment", "pk": 31, "fields": {"article": 10, "user": 1, "email": "deirdremc1968@gmail.com", "body": "this is interesting", "created_on": "2023-11-14T20:22:32.636Z", "approved": true}}, {"model": "fp_blog.comment", "pk": 36, "fields": {"article": 10, "user": 9, "email": "derek1250@gmail.com", "body": "Lovely  ", "created_on": "2023-11-15T23:01:27.053Z", "approved": true}}, {"model": "fp_blog.comment", "pk": 37, "fields": {"article": 5, "user": 1, "email": "deirdre.mccarthy@gmail.com", "body": "I would like to add a response and wait patietntly for the administratotr to approve it - no wait, I AM the administrator!!!  I am God!!!", "created_on": "2023-11-16T11:29:13.138Z", "approved": true}}, {"model": "fp_blog.comment", "pk": 40, "fields": {"article": 10, "user": 8, "email": "dummy_email@gmail.com", "body": "I thought this article was helpful. Myself and my wife Linda have been living in Russia for many years now but with our second child on the way we were considering moving back to Ireland. \r\n\r\nProbably going to revisit this page at some point. \r\n\r\nThanks,\r\nMichael and Linda.", "created_on": "2023-11-19T15:45:24.865Z", "approved": true}}, {"model": "fp_blog.comment", "pk": 41, "fields": {"article": 12, "user": 8, "email": "dummy_email@gmail.com", "body": "WOW!", "created_on": "2023-11-19T15:49:50.909Z", "approved": true}}, {"model": "fp_blog.comment", "pk": 43, "fields": {"article": 9, "user": 8, "email": "dummy_email@gmail.com", "body": "I still cant get over what happened in 2008. FURIOUS.", "created_on": "2023-11-19T15:51:07.673Z", "approved": true}}, {"model": "fp_blog.comment", "pk": 44, "fields": {"article": 8, "user": 1, "email": "deirdre.mccarthy@gmail.com", "body": "God who wants to get old!!!!", "created_on": "2023-11-20T17:36:39.099Z", "approved": true}}, {"model": "fp_blog.comment", "pk": 45, "fields": {"article": 9, "user": 8, "email": "Chrismwinters@gmail.com", "body": "I didnt realise you could do this - I have started the process, I'm finding it a bit tricky to setup the UK Government profile but I will stick with it.... this could be worth over 100 additional pension a week to me, I would need to pay maybe around 18,000 to get it, but that's a much better return than any private pension!", "created_on": "2023-11-21T15:58:46.966Z", "approved": true}}, {"model": "fp_blog.comment", "pk": 46, "fields": {"article": 8, "user": 19, "email": "", "body": "Test response", "created_on": "2023-11-21T16:12:34.326Z", "approved": true}}, {"model": "fp_blog.comment", "pk": 47, "fields": {"article": 16, "user": 8, "email": "dummy_email@gmail.com", "body": "Thank you for providing this site.  I feel it will be a useful resource in my future financial journey.", "created_on": "2023-11-23T01:08:42.832Z", "approved": true}}, {"model": "fp_blog.comment", "pk": 48, "fields": {"article": 16, "user": 22, "email": "abc@abc.com", "body": "aaa", "created_on": "2024-01-01T21:39:25.971Z", "approved": true}}, {"model": "fp_blog.comment", "pk": 49, "fields": {"article": 20, "user": 23, "email": "sample@gmail.com", "body": "aa", "created_on": "2024-01-18T10:55:49.570Z", "approved": true}}, {"model": "fp_blog.comment", "pk": 50, "fields": {"article": 20, "user": 23, "email": "sample@gmail.com", "body": "aa", "created_on": "2024-01-18T10:56:24.093Z", "approved": false}}, {"model": "fp_blog.comment", "pk": 51, "fields": {"article": 15, "user": 24, "email": "deirdre_mc_carthy@eircom.net", "body": "test", "created_on": "2024-02-13T12:44:34.071Z", "approved": false}}, {"model": "fp_blog.action", "pk": 7, "fields": {"article": 5, "action_seq": 10, "action_desc": "Consider creating an Enduring Power of Attorney", "action_url": "", "author": 1, "created_on": "2023-10-24T19:04:56.139Z"}}, {"model": "fp_blog.action", "pk": 8, "fields": {"article": 5, "action_seq": 20, "action_desc": "Apply for Fair Deal Scheme", "action_url": "", "author": 1, "created_on": "2023-10-24T19:54:56.051Z"}}, {"model": "fp_blog.action", "pk": 9, "fields": {"article": 9, "action_seq": 10, "action_desc": "Confirm the contributions recorded for you in the Irish state system", "action_url": "https://services.mywelfare.ie/en/topics/statements-refunds-and-repayments/contribution-statement/", "author": 1, "created_on": "2023-11-14T00:44:16.006Z"}}, {"model": "fp_blog.action", "pk": 10, "fields": {"article": 9, "action_seq": 30, "action_desc": "Check/confirm your eligibility for a UK pension", "action_url": "https://www.gov.uk/check-state-pension#:~:text=Applying%20online%20is%20the%20quickest,post%20the%20forecast%20to%20you", "author": 1, "created_on": "2023-11-14T00:45:05.975Z"}}, {"model": "fp_blog.action", "pk": 11, "fields": {"article": 9, "action_seq": 20, "action_desc": "Investigate how you might address any gaps in your Irish pension", "action_url": "https://www.mywelfare.ie/SocialInsuranceStatement", "author": 1, "created_on": "2023-11-14T00:45:38.164Z"}}, {"model": "fp_blog.action", "pk": 12, "fields": {"article": 9, "action_seq": 40, "action_desc": "Investigate steps to address gaps in your UK pension (voluntary National Insurance payments)", "action_url": "https://www.gov.uk/voluntary-national-insurance-contributions/who-can-pay-voluntary-contributions?step-by-step-nav=c0ff9296-e91e-40d1-97bd-008026e90426", "author": 1, "created_on": "2023-11-14T00:46:17.059Z"}}, {"model": "fp_blog.action", "pk": 13, "fields": {"article": 6, "action_seq": 10, "action_desc": "Check eligibility for SUSI grant", "action_url": "", "author": 1, "created_on": "2023-11-14T12:25:22.291Z"}}, {"model": "fp_blog.action", "pk": 14, "fields": {"article": 6, "action_seq": 20, "action_desc": "Investigate whether your employer could contribute to costs", "action_url": "", "author": 1, "created_on": "2023-11-14T12:26:09.995Z"}}, {"model": "fp_blog.action", "pk": 15, "fields": {"article": 6, "action_seq": 30, "action_desc": "Investigate revenue options for tax refunds", "action_url": "", "author": 1, "created_on": "2023-11-14T12:26:48.198Z"}}, {"model": "fp_blog.action", "pk": 16, "fields": {"article": 6, "action_seq": 40, "action_desc": "Check student loan options available from credit union", "action_url": "https://www.creditunion.ie/credit-union-locator/", "author": 1, "created_on": "2023-11-14T12:27:24.000Z"}}, {"model": "fp_blog.action", "pk": 17, "fields": {"article": 3, "action_seq": 10, "action_desc": "Locate your local Credit union and review website to check if mortgages offered", "action_url": "https://www.creditunion.ie/credit-union-locator/", "author": 1, "created_on": "2023-11-14T12:30:17.424Z"}}, {"model": "fp_blog.action", "pk": 18, "fields": {"article": 3, "action_seq": 20, "action_desc": "Check if other credit unions outside your geographic area are offering mortgages in your locality", "action_url": "https://www.creditunion.ie/what-we-offer/mortgages/", "author": 1, "created_on": "2023-11-14T12:31:10.840Z"}}, {"model": "fp_blog.action", "pk": 19, "fields": {"article": 3, "action_seq": 30, "action_desc": "Use the website calculator to determine if you are eligible and what the possible interest rates might be", "action_url": "", "author": 1, "created_on": "2023-11-14T12:31:46.292Z"}}, {"model": "fp_blog.action", "pk": 20, "fields": {"article": 8, "action_seq": 10, "action_desc": "Consider creating an Enduring Power of Attorney", "action_url": "", "author": 1, "created_on": "2023-11-14T12:32:49.341Z"}}, {"model": "fp_blog.action", "pk": 21, "fields": {"article": 8, "action_seq": 30, "action_desc": "Apply for Fair Deal Scheme", "action_url": "", "author": 1, "created_on": "2023-11-14T12:33:23.825Z"}}, {"model": "fp_blog.action", "pk": 22, "fields": {"article": 8, "action_seq": 20, "action_desc": "Locate a suitable nursing home with capacity for new residents", "action_url": "", "author": 1, "created_on": "2023-11-14T12:34:14.578Z"}}, {"model": "fp_blog.action", "pk": 23, "fields": {"article": 4, "action_seq": 10, "action_desc": "3rd level:  Assess eligibility for SUSI grant scheme", "action_url": "", "author": 1, "created_on": "2023-11-14T12:35:30.172Z"}}, {"model": "fp_blog.action", "pk": 24, "fields": {"article": 4, "action_seq": 20, "action_desc": "3rd level: If SUSI eligibility is borderline, and you are more than 18 months from commencement,  consider how you might reduce reckonable income (padditional AVC contribs, reduce overtime/bonus, etc)", "action_url": "", "author": 1, "created_on": "2023-11-14T12:36:59.091Z"}}, {"model": "fp_blog.action", "pk": 25, "fields": {"article": 10, "action_seq": 10, "action_desc": "Action:  Establish best time of year to make  the move", "action_url": "", "author": 1, "created_on": "2023-11-14T20:04:41.317Z"}}, {"model": "fp_blog.action", "pk": 26, "fields": {"article": 10, "action_seq": 30, "action_desc": "If you don't have an Irish PPS number, apply for one at", "action_url": "", "author": 1, "created_on": "2023-11-14T20:07:05.031Z"}}, {"model": "fp_blog.action", "pk": 27, "fields": {"article": 10, "action_seq": 20, "action_desc": "Determine if visa restrictions apply to your move to Ireland:", "action_url": "https://www.citizensinformation.ie/en/moving-country/moving-to-ireland/before-you-come-to-ireland/", "author": 1, "created_on": "2023-11-14T20:07:52.659Z"}}, {"model": "fp_blog.action", "pk": 28, "fields": {"article": 13, "action_seq": 10, "action_desc": "RESOURCES: Wages and taxes - budget 2024 income tax calaculator", "action_url": "https://www.pwc.ie/issues/budget/income-tax-calculator.html", "author": 2, "created_on": "2023-11-20T09:51:06.735Z"}}, {"model": "fp_blog.action", "pk": 29, "fields": {"article": 13, "action_seq": 10, "action_desc": "RESOURCES:  Credit union locator", "action_url": "https://www.creditunion.ie/credit-union-locator/", "author": 1, "created_on": "2023-11-20T13:25:41.718Z"}}, {"model": "fp_blog.action", "pk": 30, "fields": {"article": 13, "action_seq": 10, "action_desc": "RESOURCES: What is your life expectancy? (source: Northwestern Mutual, USA)", "action_url": "https://media.nmfn.com/tnetwork/lifespan/index.html", "author": 1, "created_on": "2023-11-20T13:28:40.092Z"}}, {"model": "fp_blog.action", "pk": 31, "fields": {"article": 13, "action_seq": 40, "action_desc": "RESOURCES: Make a budget (Google Sheets)", "action_url": "https://docs.google.com/spreadsheets/d/1y5E8MdT17WGu4_yAKWITtjY07QecV8Dxs1tjOq9WFj8/edit?usp=sharing", "author": 20, "created_on": "2023-11-28T16:20:30.131Z"}}, {"model": "fp_blog.action", "pk": 32, "fields": {"article": 11, "action_seq": 10, "action_desc": "Make a budget (Google sheets template)", "action_url": "https://docs.google.com/spreadsheets/d/1y5E8MdT17WGu4_yAKWITtjY07QecV8Dxs1tjOq9WFj8/edit?usp=sharing", "author": 20, "created_on": "2023-11-28T16:21:25.989Z"}}, {"model": "fp_blog.action", "pk": 33, "fields": {"article": 14, "action_seq": 10, "action_desc": "Mortgage Repayment Calculator (Google Sheets: To edit, make a copy))", "action_url": "https://docs.google.com/spreadsheets/d/1PwIfnIK6DHZlAHWFMYKE10v1OX4rv5VXzM6tAFL2Ax4/edit?usp=sharing", "author": 20, "created_on": "2023-11-28T20:00:23.022Z"}}, {"model": "fp_blog.action", "pk": 34, "fields": {"article": 20, "action_seq": 10, "action_desc": "Mortgage Repayment Calculator (Google Sheets: To edit, make a copy)", "action_url": "https://docs.google.com/spreadsheets/d/1PwIfnIK6DHZlAHWFMYKE10v1OX4rv5VXzM6tAFL2Ax4/edit?usp=sharing", "author": 20, "created_on": "2023-11-28T20:01:01.335Z"}}, {"model": "fp_blog.action", "pk": 35, "fields": {"article": 13, "action_seq": 50, "action_desc": "RESOURCES:  MABS:  Money Advice and Budgeting Service - Excellent all-round money advice from an Irish Government-funded body", "action_url": "https://mabs.ie/", "author": 20, "created_on": "2023-11-30T10:51:22.617Z"}}, {"model": "fp_blog.action", "pk": 36, "fields": {"article": 13, "action_seq": 60, "action_desc": "RESOURCES:  Citizens Information:  Irish Government-funded body to provide guidance on living and thriving in Ireland", "action_url": "https://www.citizensinformation.ie/en/money-and-tax/", "author": 20, "created_on": "2023-11-30T10:56:08.284Z"}}, {"model": "fp_blog.action", "pk": 37, "fields": {"article": 9, "action_seq": 50, "action_desc": "Phone 00441912037010 to get 18-digit reference reference # for making an online payment (or make payment by cheque, referencing your NI number) for missed years", "action_url": "", "author": 20, "created_on": "2023-12-03T10:39:16.575Z"}}, {"model": "fp_blog.action", "pk": 38, "fields": {"article": 29, "action_seq": 10, "action_desc": "Action:  Source a financial planner", "action_url": "", "author": 1, "created_on": "2024-08-16T16:04:41.127Z"}}, {"model": "fp_personal.userprofile", "pk": 1, "fields": {"user": 2, "profile_image": "image/upload/v1699209167/wu0vnlwigxzflb6u6odn.png", "birth_year": 1977, "age_approx": 46, "age_exact": 45, "created_on": "2023-11-05T18:32:47.542Z"}}, {"model": "fp_personal.userprofile", "pk": 2, "fields": {"user": 4, "profile_image": "image/upload/v1699209466/uy95npz8fgefkrsg6zho.png", "birth_year": 1970, "age_approx": 43, "age_exact": 43, "created_on": "2023-11-05T18:37:46.589Z"}}, {"model": "fp_personal.userprofile", "pk": 3, "fields": {"user": 1, "profile_image": "image/upload/v1699550877/phe9kmgatueczdthuqms.jpg", "birth_year": 1970, "age_approx": 83, "age_exact": 84, "created_on": "2023-11-05T20:58:30.874Z"}}, {"model": "fp_personal.userprofile", "pk": 4, "fields": {"user": 5, "profile_image": "image/upload/v1700580379/xtifr45afh8suld2vbgp.png", "birth_year": 2000, "age_approx": 21, "age_exact": 23, "created_on": "2023-11-07T16:30:19.440Z"}}, {"model": "fp_personal.userprofile", "pk": 6, "fields": {"user": 9, "profile_image": "image/upload/v1700089792/msx4op6i3yobc9uqy8fq.jpg", "birth_year": 1968, "age_approx": 55, "age_exact": 55, "created_on": "2023-11-15T23:09:53.271Z"}}, {"model": "fp_personal.userprofile", "pk": 16, "fields": {"user": 8, "profile_image": "image/upload/v1700267718/e6pbajisyjbzctt0xklr.png", "birth_year": 1900, "age_approx": 123, "age_exact": 123, "created_on": "2023-11-18T00:35:18.813Z"}}, {"model": "fp_personal.userprofile", "pk": 17, "fields": {"user": 6, "profile_image": "image/upload/v1700269440/jobzntnnsfxdt8rqmlfk.jpg", "birth_year": 1900, "age_approx": 123, "age_exact": 123, "created_on": "2023-11-18T01:04:01.113Z"}}, {"model": "fp_personal.userprofile", "pk": 19, "fields": {"user": 10, "profile_image": "image/upload/v1700313930/gmprr1wmqlohff4d9b6s.jpg", "birth_year": 1966, "age_approx": 57, "age_exact": 57, "created_on": "2023-11-18T13:25:30.494Z"}}, {"model": "fp_personal.userprofile", "pk": 20, "fields": {"user": 14, "profile_image": "image/upload/v1700346752/buywywpydzxl5k1drt7t.png", "birth_year": 1900, "age_approx": 123, "age_exact": 123, "created_on": "2023-11-18T22:32:33.505Z"}}, {"model": "fp_personal.userprofile", "pk": 21, "fields": {"user": 15, "profile_image": "image/upload/v1700349014/mctdk31o2qmqloklwtmg.png", "birth_year": 1900, "age_approx": 123, "age_exact": 123, "created_on": "2023-11-18T23:10:16.217Z"}}, {"model": "fp_personal.userprofile", "pk": 22, "fields": {"user": 17, "profile_image": "image/upload/v1700420710/rxftl95hxp6fzrfjztsj.png", "birth_year": 1900, "age_approx": 123, "age_exact": 123, "created_on": "2023-11-19T19:05:10.853Z"}}, {"model": "fp_personal.userprofile", "pk": 23, "fields": {"user": 18, "profile_image": "image/upload/v1700429048/fxxusauswdv4xpvfdx7b.jpg", "birth_year": 1900, "age_approx": 123, "age_exact": 123, "created_on": "2023-11-19T21:24:08.720Z"}}, {"model": "fp_personal.userprofile", "pk": 24, "fields": {"user": 19, "profile_image": "image/upload/v1700582951/adwgktxheizpznirx9bo.jpg", "birth_year": 1900, "age_approx": 123, "age_exact": 123, "created_on": "2023-11-21T16:09:12.147Z"}}, {"model": "fp_personal.userprofile", "pk": 25, "fields": {"user": 20, "profile_image": "image/upload/v1700699649/lv9ixtz9lqrv6qhbzd69.png", "birth_year": 1900, "age_approx": 123, "age_exact": 123, "created_on": "2023-11-23T00:34:12.950Z"}}, {"model": "fp_personal.userprofile", "pk": 26, "fields": {"user": 22, "profile_image": "image/upload/v1704145072/jd2xyybcuztckjohsamb.jpg", "birth_year": 1900, "age_approx": 123, "age_exact": 123, "created_on": "2024-01-01T21:37:53.547Z"}}, {"model": "fp_personal.userprofile", "pk": 27, "fields": {"user": 23, "profile_image": "image/upload/v1705575428/j2ebxjtsxybiswdmxxix.jpg", "birth_year": 1900, "age_approx": 123, "age_exact": 123, "created_on": "2024-01-18T10:57:08.749Z"}}, {"model": "fp_personal.userprofile", "pk": 28, "fields": {"user": 24, "profile_image": "image/upload/v1722755276/di0lr4xhaoavtsltyfki.jpg", "birth_year": 1900, "age_approx": 123, "age_exact": 123, "created_on": "2024-01-24T13:31:49.659Z"}}, {"model": "fp_personal.userprofile", "pk": 29, "fields": {"user": 26, "profile_image": "image/upload/v1708034140/ltphu7v4ip4d5q5yz5kw.jpg", "birth_year": 1968, "age_approx": 55, "age_exact": 55, "created_on": "2024-02-15T21:55:40.891Z"}}, {"model": "fp_personal.useraction", "pk": 5, "fields": {"user": 2, "user_action_seq": 10, "parent_article": 5, "user_action_desc": 7, "user_action_url": "", "user_action_taken": "Done so far:", "observation": "Results:", "completed": false, "created_on": "2023-11-11T11:58:13.414Z", "completed_on": null}}, {"model": "fp_personal.useraction", "pk": 19, "fields": {"user": 2, "user_action_seq": 40, "parent_article": 4, "user_action_desc": 8, "user_action_url": "", "user_action_taken": "Done so far: Asked about nursing home for Mum.  Also checked they serve dinosaur meat at lunchtimes.", "observation": "Results: They suggested I was a bit primative. So I left without closing the door behind me.  Then they said I was born in a cave.", "completed": false, "created_on": "2023-11-14T00:04:11.223Z", "completed_on": null}}, {"model": "fp_personal.useraction", "pk": 22, "fields": {"user": 1, "user_action_seq": 70, "parent_article": 9, "user_action_desc": 9, "user_action_url": "https://services.mywelfare.ie/en/topics/statements-refunds-and-repayments/contribution-statement/", "user_action_taken": "Need to look at 2023(11), 2013 (43), 2012 (44)  Also see link https://www.mywelfare.ie/SocialInsuranceStatement", "observation": "Follow-up need to investigate homemakers allowance", "completed": false, "created_on": "2023-11-14T10:27:06.244Z", "completed_on": null}}, {"model": "fp_personal.useraction", "pk": 30, "fields": {"user": 2, "user_action_seq": 50, "parent_article": 5, "user_action_desc": 7, "user_action_url": "", "user_action_taken": "Done so far:", "observation": "Results:", "completed": false, "created_on": "2023-11-14T12:14:13.435Z", "completed_on": null}}, {"model": "fp_personal.useraction", "pk": 31, "fields": {"user": 1, "user_action_seq": 140, "parent_article": 4, "user_action_desc": 23, "user_action_url": "", "user_action_taken": "Done so far:", "observation": "Results:", "completed": false, "created_on": "2023-11-14T12:38:25.110Z", "completed_on": null}}, {"model": "fp_personal.useraction", "pk": 34, "fields": {"user": 1, "user_action_seq": 160, "parent_article": 12, "user_action_desc": 17, "user_action_url": "", "user_action_taken": "Done so far:", "observation": "Results:", "completed": false, "created_on": "2023-11-15T17:44:16.922Z", "completed_on": null}}, {"model": "fp_personal.useraction", "pk": 36, "fields": {"user": 1, "user_action_seq": 180, "parent_article": 10, "user_action_desc": 25, "user_action_url": "", "user_action_taken": "Done so far: assesed now", "observation": "Results:  Response pending", "completed": false, "created_on": "2023-11-15T17:48:16.438Z", "completed_on": null}}, {"model": "fp_personal.useraction", "pk": 38, "fields": {"user": 1, "user_action_seq": 75, "parent_article": 9, "user_action_desc": 12, "user_action_url": "", "user_action_taken": "Done so far:", "observation": "Results:", "completed": false, "created_on": "2023-11-15T19:55:13.309Z", "completed_on": null}}, {"model": "fp_personal.useraction", "pk": 39, "fields": {"user": 1, "user_action_seq": 200, "parent_article": 8, "user_action_desc": 21, "user_action_url": "", "user_action_taken": "Done so far:", "observation": "Results:", "completed": false, "created_on": "2023-11-15T21:47:38.433Z", "completed_on": null}}, {"model": "fp_personal.useraction", "pk": 41, "fields": {"user": 1, "user_action_seq": 220, "parent_article": 6, "user_action_desc": 16, "user_action_url": "https://www.creditunion.ie/credit-union-locator/", "user_action_taken": "Check student loan options available from credit union", "observation": "Results:", "completed": false, "created_on": "2023-11-15T21:58:35.094Z", "completed_on": null}}, {"model": "fp_personal.useraction", "pk": 43, "fields": {"user": 9, "user_action_seq": 10, "parent_article": 10, "user_action_desc": 26, "user_action_url": "https://www.citizensinformation.ie/en/moving-country/moving-to-ireland/before-you-come-to-ireland/", "user_action_taken": "Determine if visa restrictions apply to your move to Ireland:", "observation": "Results:", "completed": false, "created_on": "2023-11-15T23:01:03.853Z", "completed_on": null}}, {"model": "fp_personal.useraction", "pk": 44, "fields": {"user": 9, "user_action_seq": 20, "parent_article": 10, "user_action_desc": 27, "user_action_url": "", "user_action_taken": "Done so far:", "observation": "Results:", "completed": false, "created_on": "2023-11-15T23:04:28.812Z", "completed_on": null}}, {"model": "fp_personal.useraction", "pk": 45, "fields": {"user": 8, "user_action_seq": 20, "parent_article": 10, "user_action_desc": 27, "user_action_url": "https://www.citizensinformation.ie/en/moving-country/moving-to-ireland/before-you-come-to-ireland/", "user_action_taken": "01/11/23 Made contact with the Irish embassy.  They will send me some brochures", "observation": "Results:", "completed": false, "created_on": "2023-11-16T15:00:22.288Z", "completed_on": null}}, {"model": "fp_personal.useraction", "pk": 47, "fields": {"user": 1, "user_action_seq": 230, "parent_article": 10, "user_action_desc": 27, "user_action_url": "https://www.citizensinformation.ie/en/moving-country/moving-to-ireland/before-you-come-to-ireland/", "user_action_taken": "Done so far: this could be quite a long text field will it all display?", "observation": "Results:", "completed": false, "created_on": "2023-11-16T22:08:31.251Z", "completed_on": null}}, {"model": "fp_personal.useraction", "pk": 50, "fields": {"user": 8, "user_action_seq": 50, "parent_article": 9, "user_action_desc": 10, "user_action_url": "https://www.gov.uk/check-state-pension#:~:text=Applying%20online%20is%20the%20quickest,post%20the%20forecast%20to%20you", "user_action_taken": "Done so far:", "observation": "They told me to grow up", "completed": false, "created_on": "2023-11-17T13:24:03.781Z", "completed_on": null}}, {"model": "fp_personal.useraction", "pk": 51, "fields": {"user": 10, "user_action_seq": 10, "parent_article": 11, "user_action_desc": 25, "user_action_url": "", "user_action_taken": "Done so far:", "observation": "Results:", "completed": false, "created_on": "2023-11-17T16:01:58.443Z", "completed_on": null}}, {"model": "fp_personal.useraction", "pk": 52, "fields": {"user": 1, "user_action_seq": 240, "parent_article": 10, "user_action_desc": 17, "user_action_url": "", "user_action_taken": "Done so far:", "observation": "Results:", "completed": false, "created_on": "2023-11-17T21:16:37.276Z", "completed_on": null}}, {"model": "fp_personal.useraction", "pk": 54, "fields": {"user": 2, "user_action_seq": 60, "parent_article": 10, "user_action_desc": 27, "user_action_url": "https://www.citizensinformation.ie/en/moving-country/moving-to-ireland/before-you-come-to-ireland/", "user_action_taken": "Done so far:", "observation": "Results:", "completed": false, "created_on": "2023-11-18T10:06:41.494Z", "completed_on": null}}, {"model": "fp_personal.useraction", "pk": 55, "fields": {"user": 2, "user_action_seq": 70, "parent_article": 10, "user_action_desc": 26, "user_action_url": "", "user_action_taken": "Done so far:", "observation": "Results:", "completed": false, "created_on": "2023-11-18T10:49:20.499Z", "completed_on": null}}, {"model": "fp_personal.useraction", "pk": 56, "fields": {"user": 1, "user_action_seq": 80, "parent_article": 9, "user_action_desc": 10, "user_action_url": "", "user_action_taken": "Done so far:", "observation": "Results:", "completed": false, "created_on": "2023-11-18T13:22:57.281Z", "completed_on": null}}, {"model": "fp_personal.useraction", "pk": 58, "fields": {"user": 1, "user_action_seq": 80, "parent_article": 9, "user_action_desc": 12, "user_action_url": "https://www.gov.uk/voluntary-national-insurance-contributions/who-can-pay-voluntary-contributions?step-by-step-nav=c0ff9296-e91e-40d1-97bd-008026e90426", "user_action_taken": "Done so far:", "observation": "Results:", "completed": false, "created_on": "2023-11-18T20:22:26.237Z", "completed_on": null}}, {"model": "fp_personal.useraction", "pk": 59, "fields": {"user": 1, "user_action_seq": 280, "parent_article": 10, "user_action_desc": 26, "user_action_url": "", "user_action_taken": "Done so far:", "observation": "Results:", "completed": false, "created_on": "2023-11-18T21:29:59.888Z", "completed_on": null}}, {"model": "fp_personal.useraction", "pk": 63, "fields": {"user": 18, "user_action_seq": 10, "parent_article": 9, "user_action_desc": 9, "user_action_url": "https://services.mywelfare.ie/en/topics/statements-refunds-and-repayments/contribution-statement/", "user_action_taken": "Done so far: done something at last", "observation": "Results:", "completed": false, "created_on": "2023-11-19T21:25:26.854Z", "completed_on": null}}, {"model": "fp_personal.useraction", "pk": 64, "fields": {"user": 1, "user_action_seq": 290, "parent_article": 13, "user_action_desc": 28, "user_action_url": "", "user_action_taken": "Done so far:", "observation": "Results:", "completed": false, "created_on": "2023-11-20T09:56:31.431Z", "completed_on": null}}, {"model": "fp_personal.useraction", "pk": 69, "fields": {"user": 19, "user_action_seq": 10, "parent_article": 9, "user_action_desc": 9, "user_action_url": "https://services.mywelfare.ie/en/topics/statements-refunds-and-repayments/contribution-statement/", "user_action_taken": "Done so far: Nothing Yet", "observation": "Results:", "completed": false, "created_on": "2023-11-21T16:10:42.472Z", "completed_on": null}}, {"model": "fp_personal.useraction", "pk": 72, "fields": {"user": 8, "user_action_seq": 40, "parent_article": 9, "user_action_desc": 11, "user_action_url": "https://www.mywelfare.ie/SocialInsuranceStatement", "user_action_taken": "Done so far:", "observation": "Results:", "completed": false, "created_on": "2023-11-23T01:02:52.486Z", "completed_on": null}}, {"model": "fp_personal.useraction", "pk": 73, "fields": {"user": 8, "user_action_seq": 30, "parent_article": 9, "user_action_desc": 9, "user_action_url": "https://services.mywelfare.ie/en/topics/statements-refunds-and-repayments/contribution-statement/", "user_action_taken": "Done so far:", "observation": "Results:", "completed": false, "created_on": "2023-11-23T08:51:01.913Z", "completed_on": null}}, {"model": "fp_personal.useraction", "pk": 74, "fields": {"user": 19, "user_action_seq": 20, "parent_article": 13, "user_action_desc": 29, "user_action_url": "https://www.creditunion.ie/credit-union-locator/", "user_action_taken": "Done so far:", "observation": "Results:", "completed": false, "created_on": "2023-11-28T16:32:08.788Z", "completed_on": null}}, {"model": "fp_personal.useraction", "pk": 75, "fields": {"user": 20, "user_action_seq": 10, "parent_article": 20, "user_action_desc": 34, "user_action_url": "https://docs.google.com/spreadsheets/d/1yvAUwG_qCqWanO5DgugOdHBvqaPERctkFmw14ZpgvZA/edit#gid=0", "user_action_taken": "Created personalised Google sheet & updated link", "observation": "Results:", "completed": false, "created_on": "2023-11-29T22:56:32.762Z", "completed_on": null}}, {"model": "account.emailaddress", "pk": 1, "fields": {"user": 2, "email": "deirdremc1968@gmail.com", "verified": false, "primary": true}}, {"model": "account.emailaddress", "pk": 3, "fields": {"user": 4, "email": "allskills.tech@gmail.com", "verified": false, "primary": true}}, {"model": "account.emailaddress", "pk": 4, "fields": {"user": 9, "email": "derek1250@gmail.com", "verified": false, "primary": true}}, {"model": "account.emailaddress", "pk": 5, "fields": {"user": 11, "email": "Chrismwinters@gmail.com", "verified": false, "primary": true}}, {"model": "account.emailaddress", "pk": 6, "fields": {"user": 18, "email": "cmcagroup@gmail.com", "verified": false, "primary": true}}, {"model": "account.emailaddress", "pk": 7, "fields": {"user": 21, "email": "shegarty1@gmail.com", "verified": false, "primary": true}}, {"model": "account.emailaddress", "pk": 8, "fields": {"user": 22, "email": "abc@abc.com", "verified": false, "primary": true}}, {"model": "account.emailaddress", "pk": 9, "fields": {"user": 23, "email": "sample@gmail.com", "verified": false, "primary": true}}, {"model": "account.emailaddress", "pk": 10, "fields": {"user": 24, "email": "deirdre_mc_carthy@eircom.net", "verified": false, "primary": true}}, {"model": "account.emailaddress", "pk": 11, "fields": {"user": 25, "email": "freda@gmail.com", "verified": false, "primary": true}}, {"model": "account.emailaddress", "pk": 12, "fields": {"user": 26, "email": "billy@gmail.com", "verified": false, "primary": true}}, {"model": "account.emailaddress", "pk": 13, "fields": {"user": 27, "email": "sjakubenas@gmail.com", "verified": false, "primary": true}}, {"model": "account.emailaddress", "pk": 14, "fields": {"user": 28, "email": "diddy@gmail.com", "verified": false, "primary": true}}, {"model": "taggit.tag", "pk": 2, "fields": {"name": "Purchase a Property", "slug": "purchase-a-property"}}, {"model": "taggit.tag", "pk": 6, "fields": {"name": "Plan My Retirement", "slug": "plan-my-retirement"}}, {"model": "taggit.tag", "pk": 12, "fields": {"name": "Move to Ireland", "slug": "move-to-ireland"}}, {"model": "taggit.tag", "pk": 16, "fields": {"name": "Make a budget", "slug": "make-a-budget"}}, {"model": "taggit.tag", "pk": 17, "fields": {"name": "Plan for education", "slug": "plan-for-education"}}, {"model": "taggit.tag", "pk": 18, "fields": {"name": "Plan for Care in Later Life", "slug": "plan-for-care-in-later-life"}}, {"model": "taggit.tag", "pk": 19, "fields": {"name": "Invest Money", "slug": "invest-money"}}, {"model": "taggit.tag", "pk": 20, "fields": {"name": "FinancialPlanner - About", "slug": "financialplanner"}}, {"model": "taggit.tag", "pk": 24, "fields": {"name": "-", "slug": ""}}, {"model": "taggit.tag", "pk": 32, "fields": {"name": "#awareness", "slug": "awareness"}}, {"model": "taggit.tag", "pk": 33, "fields": {"name": "#research", "slug": "research"}}, {"model": "taggit.tag", "pk": 34, "fields": {"name": "#training", "slug": "training"}}, {"model": "taggit.tag", "pk": 35, "fields": {"name": "investment", "slug": "investment"}}, {"model": "taggit.tag", "pk": 36, "fields": {"name": "#economic abuse", "slug": "economic-abuse"}}, {"model": "taggit.tag", "pk": 37, "fields": {"name": "#coercive control", "slug": "coercive-control"}}, {"model": "taggit.tag", "pk": 38, "fields": {"name": "#debt", "slug": "debt"}}, {"model": "taggit.tag", "pk": 39, "fields": {"name": "#budgeting", "slug": "budgeting"}}, {"model": "taggit.tag", "pk": 40, "fields": {"name": "FinancialLiteracy", "slug": "financialliteracy"}}, {"model": "taggit.tag", "pk": 41, "fields": {"name": "Startups", "slug": "startups"}}, {"model": "taggit.tag", "pk": 43, "fields": {"name": "FinancialPlanner", "slug": "financialplanner_1"}}, {"model": "taggit.taggeditem", "pk": 2, "fields": {"tag": 2, "content_type": 9, "object_id": 14}}, {"model": "taggit.taggeditem", "pk": 6, "fields": {"tag": 6, "content_type": 9, "object_id": 9}}, {"model": "taggit.taggeditem", "pk": 12, "fields": {"tag": 6, "content_type": 9, "object_id": 13}}, {"model": "taggit.taggeditem", "pk": 15, "fields": {"tag": 12, "content_type": 9, "object_id": 10}}, {"model": "taggit.taggeditem", "pk": 20, "fields": {"tag": 6, "content_type": 9, "object_id": 1}}, {"model": "taggit.taggeditem", "pk": 21, "fields": {"tag": 18, "content_type": 9, "object_id": 8}}, {"model": "taggit.taggeditem", "pk": 22, "fields": {"tag": 17, "content_type": 9, "object_id": 6}}, {"model": "taggit.taggeditem", "pk": 23, "fields": {"tag": 19, "content_type": 9, "object_id": 12}}, {"model": "taggit.taggeditem", "pk": 24, "fields": {"tag": 18, "content_type": 9, "object_id": 5}}, {"model": "taggit.taggeditem", "pk": 25, "fields": {"tag": 20, "content_type": 9, "object_id": 15}}, {"model": "taggit.taggeditem", "pk": 26, "fields": {"tag": 20, "content_type": 9, "object_id": 16}}, {"model": "taggit.taggeditem", "pk": 27, "fields": {"tag": 24, "content_type": 9, "object_id": 17}}, {"model": "taggit.taggeditem", "pk": 30, "fields": {"tag": 20, "content_type": 9, "object_id": 17}}, {"model": "taggit.taggeditem", "pk": 31, "fields": {"tag": 20, "content_type": 9, "object_id": 18}}, {"model": "taggit.taggeditem", "pk": 33, "fields": {"tag": 2, "content_type": 9, "object_id": 20}}, {"model": "taggit.taggeditem", "pk": 39, "fields": {"tag": 16, "content_type": 9, "object_id": 11}}, {"model": "taggit.taggeditem", "pk": 40, "fields": {"tag": 6, "content_type": 9, "object_id": 20}}, {"model": "taggit.taggeditem", "pk": 41, "fields": {"tag": 6, "content_type": 9, "object_id": 12}}, {"model": "taggit.taggeditem", "pk": 42, "fields": {"tag": 2, "content_type": 9, "object_id": 3}}, {"model": "taggit.taggeditem", "pk": 43, "fields": {"tag": 20, "content_type": 9, "object_id": 19}}, {"model": "taggit.taggeditem", "pk": 44, "fields": {"tag": 32, "content_type": 9, "object_id": 21}}, {"model": "taggit.taggeditem", "pk": 45, "fields": {"tag": 32, "content_type": 9, "object_id": 22}}, {"model": "taggit.taggeditem", "pk": 46, "fields": {"tag": 33, "content_type": 9, "object_id": 22}}, {"model": "taggit.taggeditem", "pk": 47, "fields": {"tag": 32, "content_type": 9, "object_id": 23}}, {"model": "taggit.taggeditem", "pk": 48, "fields": {"tag": 34, "content_type": 9, "object_id": 23}}, {"model": "taggit.taggeditem", "pk": 49, "fields": {"tag": 35, "content_type": 9, "object_id": 24}}, {"model": "taggit.taggeditem", "pk": 50, "fields": {"tag": 36, "content_type": 9, "object_id": 25}}, {"model": "taggit.taggeditem", "pk": 51, "fields": {"tag": 37, "content_type": 9, "object_id": 25}}, {"model": "taggit.taggeditem", "pk": 52, "fields": {"tag": 38, "content_type": 9, "object_id": 26}}, {"model": "taggit.taggeditem", "pk": 53, "fields": {"tag": 39, "content_type": 9, "object_id": 26}}, {"model": "taggit.taggeditem", "pk": 54, "fields": {"tag": 40, "content_type": 9, "object_id": 27}}, {"model": "taggit.taggeditem", "pk": 55, "fields": {"tag": 41, "content_type": 9, "object_id": 28}}, {"model": "taggit.taggeditem", "pk": 56, "fields": {"tag": 43, "content_type": 9, "object_id": 29}}]